Rang;Produkt;Gramm;Stück;Umsatz EUR;Stück Aktion1;Stück Aktion2
1;"#1A SCHWARZE US WELLIGE TAPE EXTENSIONS 65CM ♡";3450;138;6706;35;103
2;"#NATURAL SCHWARZBRAUNE US WELLIGE TAPE EXTENSIONS 65CM ♡";3275;131;6144;85;46
3;"#PEARL WHITE WEIßBLONDE US WELLIGE TAPE EXTENSIONS 65CM ♡";2500;100;5474;27;73
4;"#2E DUNKELBRAUNE US WELLIGE TAPE EXTENSIONS 65CM ♡";2100;84;3985;46;38
5;"#SILVER  ASCHBLONDE US WELLIGE TAPE EXTENSIONS 65CM ♡";2025;81;3920;34;47
6;"#SOFT BLOND BALAYAGE ASCHBLOND US WELLIGE TAPE  EXTENSIONS 65CM ♡";1875;75;3617;40;35
7;"#4/27T24 US WELLIGE TAPE EXTENSIONS  65CM ♡";1800;72;3114;25;47
8;"#1A SCHWARZE TAPE EXTENSIONS 55CM ♡";1725;69;3142;43;26
9;"#PEARL WHITE WEIßBLONDE US WELLIGE TAPE EXTENSIONS 55CM ♡";1550;62;3211;18;44
10;"#PEARL WHITE US WELLIGE KERATIN BONDINGS WEIßBLOND 65CM ♡";1475;59;3166;35;24
11;"#3A KÜHLES MITTELBRAUN US WELLIGE TAPE EXTENSIONS 55CM ♡";1425;57;2622;29;28
12;"#RAW STANDARD RUSSISCHE TAPE EXTENSIONS GLATT ♡";1425;57;4089;16;41
13;"#NORVEGIAN KÜHLES BLOND US WELLIGE TAPE EXTENSIONS 55CM ♡";1400;56;2537;40;16
14;"#VIKING BLOND KÜHLES BLOND  US WELLIGE GESTRÄHNT TAPE EXTENSIONS 65CM ♡";1400;56;2607;39;17
15;"#2E DUNKELBRAUNE US WELLIGE TAPE EXTENSIONS 55CM ♡";1400;56;2580;28;28
16;"#NORVEGIAN KÜHLES BLOND US WELLIGE TAPE EXTENSIONS 65CM ♡";1375;55;2662;25;30
17;"#NATURAL SCHWARZBRAUNE  US WELLIGE TAPE EXTENSIONS 55CM ♡";1350;54;2447;29;25
18;"#2A ASCHBRAUNE  US WELLIGE TAPE EXTENSIONS 55CM ♡";1350;54;2471;39;15
19;"#BITTER CACAO STANDARD RUSSISCHE TAPE EXTENSIONS GLATT ♡";1275;51;3698;0;51
20;"#1A SCHWARZ  US WELLIGE KERATIN BONDINGS SCHWARZE 65CM ♡";1250;50;2463;13;37
21;"#2A ASCHBRAUNE US WELLIGE TAPE EXTENSIONS 65CM ♡";1225;49;2338;20;29
22;"#NORVEGIAN STANDARD RUSSISCHE TAPE EXTENSIONS GLATT ♡";1200;48;3480;4;44
23;"#5P18A ASCHIG GESTRÄHNTE US WELLIGE TAPE EXTENSIONS 55CM ♡";1150;46;2088;36;10
24;"#FROSTY - INVISIBLE CLIP EXTENSIONS - GESTRÄHNTES MITTELBRAUN PEARL UND LICHTBLOND ASCH ♡ › 225g";1125;5;1617;2;3
25;"#EBONY STANDARD RUSSISCHE TAPE EXTENSIONS GLATT ♡";1100;44;3103;16;28
26;"#2 SCHOKOBRAUNE US WELLIGE TAPE EXTENSIONS 65CM ♡";1075;43;2089;18;25
27;"#5P18A ASCHIG GESTRÄHNTE US WELLIGE TAPE EXTENSIONS 65CM ♡";1050;42;1955;29;13
28;"#SILVER ASCHBLONDE US WELLIGE 55CM TAPE EXTESNIONS";1025;41;1866;26;15
29;"#SOFT BLOND BALAYAGE ASCHBLOND US WELLIGE TAPE EXTENSIONS 55CM ♡";1000;40;1800;27;13
30;"#5T18A OMBRÉ KÜHLES BLOND US WELLIGE TAPE EXTENSIONS 65CM ♡";1000;40;1905;18;22
31;"#5A KÜHLES HELLBRAUN  US WELLIGE TAPE EXTENSIONS 55CM ♡";950;38;1691;22;16
32;"#DUBAI US WELLIGE TAPE EXTENSIONS 55CM ♡";900;36;1644;19;17
33;"#NORVEGIAN US WELLIGE KERATIN BONDINGS KÜHLES BLOND 65CM ♡";875;35;1632;23;12
34;"#4/27T24 US WELLIGE KERATIN BONDINGS 65CM ♡";875;35;1701;14;21
35;"#2 SCHOKOBRAUNE US WELLIGE TAPE EXTENSIONS 55CM ♡";850;34;1564;22;12
36;"#24A SANDBLONDE US WELLIGE TAPE EXTENSIONS 55CM ♡";825;33;1540;19;14
37;"#VIKING BLOND US WELLIGE KERATIN BONDINGS  KÜHLES BLOND GESTRÄHNT 65CM ♡";825;33;1592;15;18
38;"#5T18A US WELLIGE KERATIN BONDINGS KÜHLES BLOND OMBRÉ 65CM ♡";800;32;1562;13;19
39;"#5T18A OMBRÉ KÜHLES BLOND US WELLIGE TAPE EXTENSIONS 55CM ♡";800;32;1422;30;2
40;"#PEARL WHITE MINI TAPE EXTENSIONS RU GLATT ♡";800;16;2429;7;9
41;"#COOL TONED STANDARD RUSSISCHE TAPE EXTENSIONS GLATT ♡";800;32;2320;0;32
42;"#2E DUNKELBRAUNE US WELLIGE KERATIN BONDINGS 65CM ♡";800;32;1542;10;22
43;"#4/27T24  US WELLIGE TAPE EXTENSIONS 55CM ♡";775;31;1413;17;14
44;"#LATTE BALAYAGE MINI TAPE EXTENSIONS RU GLATT";750;15;2074;10;5
45;"#2A ASCHBRAUNE  US WELLIGE KERATIN BONDINGS ASCHBRAUN 65CM ♡";750;30;1493;0;30
46;"#3T8A US WELLIGE KERATIN BONDINGS 65CM ♡";725;29;1428;3;26
47;"#BERGEN BLOND OMBRÉ SANDBLONDE US WELLIGE TAPE EXTENSIONS 65CM ♡";725;29;1398;9;20
48;"#BITTER CACAO MINI TAPE EXTENSIONS RU GLATT - DUNKELBRAUN ♡";700;14;1842;14;0
49;"#PEARL WHITE WEIßBLOND US WELLIGE TRESSEN CLASSIC ECHTHAAR  65CM ♡";700;14;1478;9;5
50;"#1A SCHWARZE 45CM TAPE EXTENSIONS ♡";700;28;1208;16;12
51;"#NATURAL SCHWARZBRAUNE 45CM TAPE EXTENSIONS  ♡";700;28;1235;16;12
52;"#TOFFEE STANDARD RUSSISCHE TAPE EXTENSIONS GLATT ♡";700;28;2030;10;18
53;"#CARAMEL FUDGE STANDARD RUSSISCHE TAPE EXTENSIONS GLATT ♡";675;27;1921;5;22
54;"#5T18A 45CM TAPE EXTENSIONS ♡";675;27;1190;4;23
55;"#CAPPUCCINO - INVISIBLE CLIP EXTENSIONS - DUNKELBLOND ASCH ♡ › 225g";675;3;653;2;1
56;"#DUBAI - INVISIBLE CLIP EXTENSIONS ♡ › 225g";675;3;990;2;1
57;"#DUBAI US WELLIGE KERATIN BONDINGS 65CM ♡";675;27;1288;11;16
58;"#BUTTER CREAM MINI TAPE EXTENSIONS RU GLATT ♡";650;13;1769;11;2
59;"#PEARL WHITE 45CM TAPE EXTENSIONS ♡";650;26;1262;8;18
60;"#99J DUNKLE KIRSCHE  US WELLIGE TAPE EXTENSIONS 55CM ♡";650;26;1205;10;16
61;"#NATURAL US WELLIGE TRESSEN ECHTHAAR GENIUS WEFT EXTENSIONS♡";650;13;1386;4;9
62;"#60 PLATINBLONDE US WELLIGE TAPE EXTENSIONS 65CM ♡";625;25;1274;13;12
63;"#5A MITTELASCHBRAUNE US WELLIGE KERATIN BONDINGS KÜHLES HELLBRAUN 65CM ♡";625;25;1184;12;13
64;"#VIKING BLOND KÜHLES BLOND GESTRÄHNT  US WELLIGE TAPE EXTENSIONS 55CM ♡";625;25;1162;9;16
65;"#COLDNESS STANDARD RUSSISCHE TAPE EXTENSIONS GLATT ♡";625;25;1747;10;15
66;"#24A SAND BLONDE US WELLIGE TAPE EXTENSIONS 65CM ♡";625;25;1149;19;6
67;"#BERGEN BLOND OMBRÉ SANDBLOND US WELLIGE TAPE EXTENSIONS 55CM ♡";625;25;1172;8;17
68;"#3A KÜHLES MITTELBRAUN US WELLIGE KERATIN BONDINGS KÜHLES 65CM MITTELBRAUN ♡";625;25;1209;10;15
69;"#MOCHA MELT BALAYAGE BRAUN US WELLIGE TRESSEN ECHTHAAR GENIUS WEFT EXTENSIONS 65CM♡";600;12;1254;8;4
70;"#5A KÜHLES HELLBRAUN  US WELLIGE TAPE EXTENSIONS 65CM ♡";600;24;1159;10;14
71;"#AUTUMN RUSSISCHE BONDINGS GLATT 1G";600;24;1711;14;10
72;"#COOL TONED - INVISIBLE CLIP EXTENSIONS - BALAYAGE MITTELASCHBRAUN ♡ › 150g";600;4;878;1;3
73;"#NORVEGIAN MINI TAPE EXTENSIONS RU GLATT ♡";600;12;1726;4;8
74;"#2E DUNKELBRAUNE US WELLIGE TRESSEN ECHTHAAR GENIUS WEFT EXTENSIONS 65CM";600;12;1320;0;12
75;"#3A KÜHLES  MITTELBRAUN US WELLIGE TAPE EXTENSIONS 65CM ♡";575;23;1099;14;9
76;"#MACADAMIA GLOW STANDARD RUSSISCHE TAPE EXTENSIONS GLATT ♡";575;23;1668;0;23
77;"#2E DUNKELBRAUNE US WELLIGE TRESSEN CLASSIC ECHTHAAR  65CM ♡";550;11;1065;6;5
78;"#EBONY MINI TAPE EXTENSIONS RU GLATT - TIEFSCHWARZ ♡";550;11;1581;1;10
79;"#MOCHA MELT BRAUNE BALAYAGE US WELLIGE TAPE EXTENSIONS 65CM ♡";525;21;1015;8;13
80;"#5M/SILVER  US WELLIGE TAPE EXTENSIONS 65CM ♡";525;21;965;21;0
81;"#NATURAL PONYTAIL 130G - 65CM › 130 g";520;4;778;3;1
82;"#MOCHAMELT STANDARD RUSSISCHE TAPE EXTENSIONS GLATT ♡";500;20;1421;8;12
83;"#COOL TONED MINI TAPE EXTENSIONS RU GLATT ♡";500;10;1378;7;3
84;"#NATURAL US WELLIGE TAPE 85CM ♡";500;20;1330;5;15
85;"#6 HASELNUSSBRAUNE US WELLIGE TAPE EXTENSIONS 65CM ♡";475;19;905;12;7
86;"#2T18A US WELLIGE KERATIN BONDINGS OMRBÉ KÜHLES BLOND 65CM ♡";475;19;920;8;11
87;"#NORVEGIAN KÜHLES BLOND US WELLIGE TRESSEN ECHTHAAR GENIUS WEFT EXTENSIONS 65CM♡";450;9;946;4;5
88;"#PLATIN STANDARD RUSSISCHE TAPE EXTENSIONS GLATT ♡";450;18;1356;8;10
89;"#FAWN MINI TAPE EXTENSIONS RU GLATT ♡";450;9;1276;5;4
90;"#2A ASCHBRAUNE US WELLIGE TRESSEN CLASSIC ECHTHAAR  65CM ♡";450;9;816;8;1
91;"#1A SCHWARZE US WELLIGE TRESSEN CLASSIC ECHTHAAR  65CM ♡";450;9;886;2;7
92;"#SHINY - INVISIBLE CLIP EXTENSIONS - LICHTBLOND ASCH ♡ › 225g";450;2;627;1;1
93;"#TOFFEE - INVISIBLE CLIP EXTENSIONS ♡ › 225g";450;2;627;1;1
94;"#DESERT - INVISIBLE CLIP EXTENSIONS - OMBRES HELLBRAUN UND HELLBLOND GOLD ♡ › 225g";450;2;660;0;2
95;"#DIRTY BLOND STANDARD RUSSISCHE TAPE EXTENSIONS GLATT ♡";450;18;1291;2;16
96;"#SHINY - INVISIBLE CLIP EXTENSIONS - LICHTBLOND ASCH ♡ › 150g";450;3;653;1;2
97;"#RAW RUSSISCHE BONDINGS GLATT 1G";425;17;1233;12;5
98;"#SOFT BLOND BALAYAGE US WELLIGE KERATIN BONDINGS GESTRÄHNT BALAYAGE 65CM ♡";425;17;826;8;9
99;"#FROSTY STANDARD RUSSISCHE TAPE EXTENSIONS GLATT ♡";425;17;1182;7;10
100;"#5P18A 45CM TAPE EXTENSIONS ♡";400;16;685;8;8
101;"#5P18A GESTRÄHNTE US WELLIGE TRESSEN ECHTHAAR GENIUS WEFT EXTENSIONS 65CM♡";400;8;836;5;3
102;"#SHINY MINI TAPE EXTENSIONS RU GLATT ♡";400;8;1102;4;4
103;"#COOL TONED GENIUS WEFT RUSSISCHES GLATTES HAAR  60CM ♡";400;8;1482;5;3
104;"#BERGEN BLOND 45CM  TAPE EXTENSIONS  ♡";400;16;716;0;16
105;"#4 SAMTBRAUNE US WELLIGE TAPE EXTENSIONS 55CM ♡";400;16;728;9;7
106;"#NATURAL US WELLIGE  BONDINGS 85CM ♡";400;16;986;16;0
107;"#5T18A ASCHBLOND OMBRÉ US WELLIGE TRESSEN ECHTHAAR  GENIUS WEFT EXTENSIONS 65CM♡";400;8;847;6;2
108;"#5MSILVER US WELLIGE KERATIN BONDINGS HONIGBLOND 65CM ♡";400;16;796;7;9
109;"#PEARL WHITE WEIßBLOND US WELLIGE TRESSEN ECHTHAAR GENIUS WEFT EXTENSIONS 65CM♡";400;8;891;1;7
110;"#5A KÜHLES HELLBRAUN  US WELLIGE TAPE EXTENSIONS 45CM♡";375;15;662;3;12
111;"#PINK US WELLIGE TAPE EXTENSIONS 65CM ♡";375;15;706;8;7
112;"#CARAMEL FUDGE RUSSISCHE BONDINGS GLATT 1G";375;15;1088;7;8
113;"#DESERT RUSSISCHE BONDINGS GLATT 1G";375;15;1088;0;15
114;"#3T8A US WELLIGE TAPE EXTENSIONS 65CM ♡";350;14;642;14;0
115;"#5P18A GESTRÄHNTE  US WELLIGE TRESSEN CLASSIC ECHTHAAR  65CM ♡";350;7;677;2;5
116;"#SILVER US WELLIGE KERATIN BONDINGS ASCHBLOND 65CM ♡";350;14;657;12;2
117;"#5M/SILVER  US WELLIGE TAPE EXTENSIONS 55CM ♡";350;14;633;6;8
118;"#SOFT BLOND BALAYAGE 45CM TAPE EXTENSIONS♡";350;14;627;0;14
119;"#SOFT-BLOND-BALAYAGE US WELLIGE TRESSEN ECHTHAAR GENIUS WEFT EXTENSIONS 65CM♡";350;7;759;1;6
120;"#HONEY MINI TAPE EXTENSIONS RU GLATT ♡";350;7;1001;5;2
121;"#5A HELLBRAUNE US WELLIGE TRESSEN ECHTHAAR GENIUS WEFT EXTENSIONS 65CM ♡";350;7;748;3;4
122;"#DUBAI MINI TAPE EXTENSIONS";350;7;957;4;3
123;"#99J DUNKLE KIRSCHE US WELLIGETAPE EXTENSIONS 65CM ♡";350;14;657;8;6
124;"#NATURAL SCHWARZBRAUNE US WELLIGE TRESSEN CLASSIC ECHTHAAR  65CM ♡";350;7;687;1;6
125;"#COOL TONED RUSSISCHE BONDINGS GLATT 1G";350;14;1015;8;6
126;"TRESSEN #COOL TONED BALAYAGE MITTELASCHBRAUN RU GLATT CLASSIC WEFT ♡";350;7;1015;0;7
127;"#DUBAI STANDARD RUSSISCHE TAPE EXTENSIONS GLATT ♡";325;13;906;12;1
128;"#VIKING BLOND  US WELLIGE 45CM TAPE EXTENSIONS ♡";325;13;568;9;4
129;"#60 PLATINBLONDE  US WELLIGE TAPE EXTENSIONS 55CM ♡";325;13;671;11;2
130;"#NORVEGIAN RUSSISCHE BONDINGS GLATT 1G";325;13;935;3;10
131;"#2  SCHOKOBRAUN US WELLIGE KERATIN BONDINGS 65CM SCHOKOBRAUN ♡";325;13;647;2;11
132;"#SHINY RUSSISCHE BONDINGS GLATT 1G";325;13;943;5;8
133;"#DUBAI 45CM  TAPE EXTENSIONS ♡";325;13;541;11;2
134;"#3A MITTELASCHBRAUNE US WELLIGE TRESSEN ECHTHAAR GENIUS WEFT 65CM ♡";300;6;616;4;2
135;"#PEARL WHITE GENIUS WEFT RUSSISCHES GLATTES HAAR  60CM ♡";300;6;1131;6;0
136;"#AUTUMN MINI TAPE EXTENSIONS RU GLATT - MITTELBRAUN ♡";300;6;856;1;5
137;"#5A HELLBRAUNE US WELLIGE TRESSEN CLASSIC ECHTHAAR  65CM ♡";300;6;567;3;3
138;"INVISIBLE TRESSEN #TAUPE RU GLATT";300;6;1170;1;5
139;"#COLDNESS MINI TAPE EXTENSIONS RU GLATT ♡";300;6;870;2;4
140;"#NATURAL US WELLIGE KERATIN BONDINGS SCHWARZBRAUNE 65CM ♡";300;12;572;10;2
141;"#SHINY STANDARD RUSSISCHE TAPE EXTENSIONS GLATT ♡";300;12;805;9;3
142;"#14A DUNKELBLOND US WELLIGE KERATIN BONDINGS DUNKELBLOND 65CM ♡";300;12;537;12;0
143;"#NAMELESS GENIUS WEFT RUSSISCHES GLATTES HAAR  60CM ♡";300;6;1112;5;1
144;"#4A MOKKABRAUNE US WELLIGE TAPE EXTENSIONS 65CM ♡";300;12;557;8;4
145;"#BUTTER CREAM - INVISIBLE CLIP EXTENSIONS ♡ › 150g";300;2;428;2;0
146;"#EBONY - INVISIBLE CLIP EXTENSIONS - TIEFSCHWARZ ♡ › 150g";300;2;450;0;2
147;"#MOCHA MELT GENIUS WEFT RUSSISCHES GLATTES HAAR  60CM ♡";300;6;1170;0;6
148;"#PLATIN - INVISIBLE CLIP EXTENSIONS - LIGHTBLOND ♡ › 150g";300;2;450;0;2
149;"#SMOKY BROWN - INVISIBLE CLIP EXTENSIONS ♡ › 150g";300;2;450;0;2
150;"#VANILA OMBRE - INVISIBLE CLIP EXTENSIONS ♡ › 150g";300;2;450;0;2
151;"#SILVER  45CM TAPE EXTENSIONS ♡";275;11;492;7;4
152;"#MOCHA MELT BRAUN BALAYAGE  US WELLIGE TAPE EXTENSIONS 55CM ♡";275;11;482;9;2
153;"#3T8A  US WELLIGE TAPE EXTENSIONS 55CM ♡";275;11;506;5;6
154;"#27 GOLDBLONDE  US WELLIGE TAPE EXTENSIONS 55CM ♡";275;11;506;11;0
155;"#4/27T24 45CM TAPE EXTENSIONS ♡";275;11;492;0;11
156;"#3A KÜHLES MITTELBRAUN 45CM  TAPE EXTENSIONS ♡";275;11;474;9;2
157;"#DUBAI PONYTAIL 130G - 65CM › 130 g";260;2;399;1;1
158;"#DESERT MINI TAPE EXTENSIONS OMBRE RU GLATT ♡";250;5;682;3;2
159;"#SILVER ASCHBLONDE US WELLIGE TRESSEN ECHTHAAR CLASSIC TRESSEN 65CM ♡";250;5;478;5;0
160;"INVISIBLE TRESSEN #NORVEGIAN RU GLATT ♡";250;5;936;2;3
161;"#BERGEN BLOND SANDBLOND OMRÉ US WELLIGE TRESSEN ECHTHAAR GENIUS WEFT EXTENSIONS 65CM♡";250;5;539;2;3
162;"#2A - ASCHBRAUNE US WELLIGE TRESSEN ECHTHAAR GENIUS WEFT EXTENSIONS♡";250;5;506;5;0
163;"INVISIBLE TRESSEN #PLATIN RU GLATT";250;5;897;4;1
164;"#CAPPUCCINO MINI TAPE EXTENSIONS RU GLATT DUNKELBLOND♡";250;5;725;5;0
165;"#MOCHA MELT BALAYAGE BRAUN US WELLIGE TRESSEN CLASSIC ECHTHAAR  65CM ♡";250;5;498;4;1
166;"#MOCHAMELT MINI TAPE EXTENSIONS ♡";250;5;725;4;1
167;"#PEARL WHITE RUSSISCHE BONDINGS GLATT 1G";250;10;725;0;10
168;"#EBONY RUSSISCHE BONDINGS GLATT 1G";250;10;725;0;10
169;"#CAPPUCCINO STANDARD RUSSISCHE TAPE EXTENSIONS GLATT ♡";250;10;725;0;10
170;"INVISIBLE TRESSEN #COOL TONED RU GLATT";250;5;975;0;5
171;"#SNOWY STANDARD RUSSISCHE TAPE EXTENSIONS GLATT ♡";250;10;725;0;10
172;"#BUTTER CREAM STANDARD RUSSISCHE TAPE EXTENSIONS GLATT ♡";250;10;725;0;10
173;"#BUTTER CREAM RUSSISCHE BONDINGS GLATT 1G";225;9;638;6;3
174;"#2T14A DUNKELBLOND OMBRÉ US WELLIGE TAPE EXTENSIONS 55CM ♡";225;9;411;3;6
175;"#4 SAMTBRAUN US WELLIGE KERATIN BONDINGS 65CM SAMTBRAUN ♡";225;9;403;9;0
176;"#GLOW - INVISIBLE CLIP EXTENSIONS - HELLBRAUN GOLD ♡ › 225g";225;1;330;1;0
177;"#RAW - INVISIBLE CLIP EXTENSIONS  - SCHWARZBRAUN ♡ › 225g";225;1;330;1;0
178;"#BUTTER CREAM - INVISIBLE CLIP EXTENSIONS ♡ › 225g";225;1;330;1;0
179;"#EBONY - INVISIBLE CLIP EXTENSIONS - TIEFSCHWARZ ♡ › 225g";225;1;330;0;1
180;"#SMOKY BROWN - INVISIBLE CLIP EXTENSIONS ♡ › 225g";225;1;330;0;1
181;"#CARAMEL FUDGE - INVISIBLE CLIP EXTENSIONS -  BALAYAGE MITTELBRAUN MIT HELLBLOND ASCH ALS HIGHLIGHTS ♡ › 225g";225;1;330;0;1
182;"#DIRTY BLOND - INVISIBLE CLIP EXTENSIONS - DUNKELBLOND GOLD ♡ › 225g";225;1;330;0;1
183;"#TAUPE - INVISIBLE CLIP EXTENSIONS › 225g";225;1;330;0;1
184;"#60 PLATINBLONDE 45CM  TAPE EXTENSIONS ♡";225;9;403;9;0
185;"#DUBAI US WELLIGE TAPE EXTENSIONS 65CM ♡";225;9;413;7;2
186;"#5P18A US WELLIGE KERATIN BONDINGS ASCHIG GESTRÄHNT 65CM ♡";225;9;448;0;9
187;"#60 PLATIN US WELLIGE KERATIN BONDINGS PLATINBLOND 65CM ♡";200;8;421;3;5
188;"#3T8A US WELLIGE TRESSE ECHTHAAR CLASSIC TRESSEN 65CM ♡";200;4;368;3;1
189;"#FAWN - INVISIBLE CLIP EXTENSIONS - HELLBRAUN ♡ › 100g";200;2;286;2;0
190;"#TAUPE STANDARD RUSSISCHE TAPE EXTENSIONS GLATT ♡";200;8;566;2;6
191;"#4/27T24 REHBRAUN US WELLIGE GENIUS TRESSEN ECHTHAAR EXTENSIONS 65CM ♡";200;4;396;4;0
192;"#MOCHA MELT US WELLIGE KERATIN BONDINGS BALAYAGE BRAUN 65CM ♡";200;8;393;3;5
193;"#BERGEN BLOND US WELLIGE KERATIN BONDINGS OMBRÉ SANDBLOND 65CM ♡";200;8;393;3;5
194;"#ORANGE US WELLIGE TAPE EXTENSIONS 65CM ♡";200;8;358;8;0
195;"#RED US WELLIGE TAPE EXTENSIONS 65CM ♡";200;8;358;8;0
196;"#BERGEN BLOND SANDBLOND OMRÉ US WELLIGE TRESSEN CLASSIC ECHTHAAR  65CM ♡";200;4;398;4;0
197;"#RAW - INVISIBLE CLIP EXTENSIONS  - SCHWARZBRAUN ♡ › 100g";200;2;318;1;1
198;"TRESSEN #RAW SCHWARZBRAUN RU GLATT CLASSIC WEFT ♡";200;4;580;0;4
199;"#2 SCHOKOBRAUNE 45CM TAPE EXTENSIONS  ♡";200;8;358;0;8
200;"#COOL TONED - INVISIBLE CLIP EXTENSIONS - BALAYAGE MITTELASCHBRAUN ♡ › 100g";200;2;318;0;2
201;"#BUTTERSCOTCH STANDARD RUSSISCHE TAPE EXTENSIONS GLATT ♡";200;8;580;0;8
202;"#6A REHBRAUNE US WELLIGE TAPE EXTENSIONS 65CM ♡";200;8;398;0;8
203;"#4A MOKKARAUNE US WELLIGE KERATIN BONDINGS 65CM MOKKABRAUN ♡";200;8;398;0;8
204;"#4 SAMTBRAUNE US WELLIGE 65CM  TAPE EXTENSIONS ♡";175;7;338;2;5
205;"#5A KÜHLES HELLBRAUN US WELLIGE TAPES  85CM ♡";175;7;459;6;1
206;"#2T18A OMBRÉ KÜHLES BLOND US WELLIGE TAPE EXTENSIONS 65CM ♡";175;7;348;0;7
207;"#99J DUNKLE KIRSCHE 45CM TAPE EXTENSIONS  ♡";175;7;309;1;6
208;"#SILVER BONDINGS US WELLIGE  85CM ♡";175;7;466;7;0
209;"#PEARL WHITE US WELLIGE  BONDINGS 85CM ♡";175;7;483;6;1
210;"#4A MOKKABRAUNE 45CM TAPE EXTENSIONS ♡";175;7;300;3;4
211;"#6A REHBRAUNE US WELLIGE TAPE EXTENSIONS 45CM♡";175;7;291;7;0
212;"#2E DUNKELBRAUNE US WELLIGE TAPE EXTENSIONS 85CM ♡";175;7;473;4;3
213;"#AUTUMN STANDARD RUSSISCHE TAPE EXTENSIONS GLATT";175;7;508;0;7
214;"#24A 45CM SANDBLONDE TAPE EXTENSIONS  ♡";175;7;313;0;7
215;"#CARAMEL FUDGE MINI TAPE EXTENSIONS INVISIBLE RU GLATT";150;3;585;1;2
216;"TRESSEN #BITTER CACAO DUNKELBRAUN RU GLATT CLASSIC WEFT ♡";150;3;406;2;1
217;"INVISIBLE TRESSEN #PEARL WHITE RU GLATT ♡";150;3;566;1;2
218;"#SILVER ASCHBLONDE US WELLIGE TRESSEN ECHTHAAR GENIUS WEFT EXTENSIONS 65CM♡";150;3;308;3;0
219;"#SUN-KISSED GENIUS WEFT RUSSISCHES GLATTES HAAR  60CM ♡";150;3;546;2;1
220;"#4A MOKKABRAUNE US WELLIGE TRESSEN CLASSIC ECHTHAAR  65CM ♡";150;3;279;2;1
221;"#NATURAL/GREY US WELLIGE TRESSEN ECHTHAAR CLASSIC TRESSEN 65CM ♡";150;3;269;3;0
222;"#SNOWY  MINI TAPE EXTENSIONS RU GLATT ♡";150;3;435;1;2
223;"#NORVEGIAN KÜHLES BLOND  US WELLIGE TAPE EXTENSIONS 45CM♡";150;6;269;0;6
224;"#CAPPUCCINO MINI TAPE EXTENSIONS INVISIBLE RU GLATT";150;3;585;0;3
225;"#VIKING BLOND GESTRÄHNTE US WELLIGE TRESSEN ECHTHAAR CLASSIC TRESSEN 65CM";150;3;299;0;3
226;"#SUN-KISSED MINI TAPE EXTENSIONS BALAYAGE RU GLATT ♡";150;3;435;0;3
227;"#GLOW - INVISIBLE CLIP EXTENSIONS - HELLBRAUN GOLD ♡ › 150g";150;1;203;1;0
228;"#MOCHA MELT RUSSISCHE BONDINGS GLATT 1G";150;6;413;6;0
229;"#BITTER CACAO - INVISIBLE CLIP EXTENSIONS- DUNKELBRAUN ♡ › 150g";150;1;203;1;0
230;"#6A REHBRAUNE US WELLIGE TAPE EXTENSIONS 55CM ♡";150;6;284;4;2
231;"#DUBAI - INVISIBLE CLIP EXTENSIONS ♡ › 150g";150;1;225;1;0
232;"TRESSEN #CHAMPAGNE HELLBLOND GOLD RU GLATT CLASSIC WEFT ♡";150;3;435;3;0
233;"TRESSEN #CARAMEL FUDGE BALAYAGE MITTELBRAUN RU GLATT CLASSIC WEFT ♡";150;3;435;0;3
234;"#1A - TIEFSCHWARZ US WELLIGE TRESSEN ECHTHAAR GENIUS WEFT EXTENSIONS 65CM♡";150;3;330;0;3
235;"#VIKING BLOND GESTRÄHNTE US WELLIGE TRESSEN ECHTHAAR GENIUS WEFT EXTENSIONS 65CM♡";150;3;330;0;3
236;"#MACADAMIA GLOW - INVISIBLE CLIP EXTENSIONS ♡ › 150g";150;1;225;0;1
237;"#HONEY - INVISIBLE CLIP EXTENSIONS - HONIGBLOND ♡ › 150g";150;1;225;0;1
238;"INVISIBLE TRESSEN #RAW RU GLATT";150;3;585;0;3
239;"#BEACH BLOND - INVISIBLE CLIP EXTENSIONS - LIGHTBLOND GOLD ♡ › 150g";150;1;225;0;1
240;"#TOFFEE - INVISIBLE CLIP EXTENSIONS ♡ › 150g";150;1;225;0;1
241;"#MOCHA MELT - INVISIBLE CLIP EXTENSIONS - GESTRÄHNTES DUNKELBRAUN UND SANDIGES HELLBLOND ♡ › 150g";150;1;225;0;1
242;"P4|6 Mini Tapes";150;3;435;0;3
243;"#27 TRESSEN GOLDBLONDE US WELLIGE TRESSEN CLASSIC ECHTHAAR  65CM ♡";150;3;299;0;3
244;"#RAW MINI TAPE EXTENSIONS INVISIBLE RU GLATT";150;3;585;0;3
245;"#DESERT - INVISIBLE CLIP EXTENSIONS - OMBRES HELLBRAUN UND HELLBLOND GOLD ♡ › 150g";150;1;225;0;1
246;"#8 GOLD KUPFER US WELLIGE GENIUS TRESSEN ECHTHAAR EXTENSIONS 65CM ♡";150;3;330;0;3
247;"#2E DUNKELBRAUNE US WELLIGE  BONDINGS 85CM ♡";150;6;405;0;6
248;"INVISIBLE TRESSEN #SHINY RU GLATT";150;3;585;0;3
249;"#2A PONYTAIL 130G - 65CM › 130 g";130;1;200;1;0
250;"#3A PONYTAIL 130G - 65CM › 130 g";130;1;200;1;0
251;"#1A PONYTAIL 130G - 65CM › 130 g";130;1;200;1;0
252;"#5P18A PONYTAIL 130G - 65CM › 130 g";130;1;200;0;1
253;"#VIKING BLOND PONYTAIL 130G - 65CM › 130 g";130;1;200;0;1
254;"#NORVEGIAN PONYTAIL 130G - 65CM › 130 g";130;1;200;0;1
255;"#5A PONYTAIL 130G - 65CM › 130 g";130;1;200;0;1
256;"#4A PONYTAIL 130G - 65CM › 130 g";130;1;200;0;1
257;"#4 SAMTBRAUNE 45CM TAPE EXTENSIONS ♡";125;5;224;1;4
258;"#2A ASCHBRAUNE US WELLIGE  45CM TAPE EXTENSIONS ♡";125;5;210;3;2
259;"#CAPPUCCINO RUSSISCHE BONDINGS GLATT 1G";125;5;348;4;1
260;"#TAUPE RUSSISCHE BONDINGS GLATT 1G";125;5;348;3;2
261;"#14A DUNKELBLONDE 55CM TAPE EXTENSIONS 55CM ♡";125;5;227;4;1
262;"#VIKING BLOND US WELLIGE TAPE 85CM ♡";125;5;338;4;1
263;"#SNOWY RUSSISCHE BONDINGS GLATT 1G";125;5;363;0;5
264;"#BITTER CACAO RUSSISCHE BONDINGS GLATT 1G";125;5;363;0;5
265;"#3T8A US WELLIGE TAPE EXTENSIONS 85CM ♡";125;5;338;0;5
266;"#BITTER CACAO - INVISIBLE CLIP EXTENSIONS- DUNKELBRAUN ♡ › 100g";100;1;159;1;0
267;"#2E DUNKELBRAUNE 45CM TAPE EXTENSIONS  ♡";100;4;170;4;0
268;"#3T8A 45CM TAPE EXTENSIONS  ♡";100;4;161;4;0
269;"#6A REHBRAUN US WELLIGE GENIUS TRESSEN ECHTHAAR EXTENSIONS 65CM ♡";100;2;198;2;0
270;"#8 GOLDKUPFER US WELLIGE TAPE EXTENSIONS 55CM ♡";100;4;170;4;0
271;"#FROSTY GENIUS WEFT RUSSISCHES GLATTES HAAR  60CM ♡";100;2;371;1;1
272;"#6 HASELNUSSBRAUNE US WELLIGE TAPE EXTENSIONS 55CM ♡";100;4;184;1;3
273;"TRESSEN #CAPPUCCINO DUNKELBLOND ASCH RU GLATT CLASSIC WEFT ♡";100;2;261;2;0
274;"TRESSEN #DIRTY BLOND DUNKELBLOND GOLD RU GLATT CLASSIC WEFT ♡";100;2;261;2;0
275;"#TOFFEE GENIUS WEFT RUSSISCHES GLATTES HAAR  60CM ♡";100;2;351;2;0
276;"#14A DUNKELBLONDE US WELLIGE TRESSEN ECHTHAAR GENIUS WEFT EXTENSIONS 65CM♡";100;2;198;2;0
277;"TRESSEN #FAWN HELLBRAUN RU GLATT CLASSIC WEFT ♡";100;2;261;2;0
278;"INVISIBLE TRESSEN #MOCHA MELT RU GLATT";100;2;351;2;0
279;"#24A SANDBLOND US WELLIGE TRESSEN ECHTHAAR GENIUS WEFT EXTENSIONS 65CM♡";100;2;209;2;0
280;"#DESERT STANDARD RUSSISCHE TAPE EXTENSIONS GLATT ♡";100;4;276;3;1
281;"#8 GOLDKUPFER 45CM TAPE EXTENSIONS ♡";100;4;170;4;0
282;"#PLATIN - INVISIBLE CLIP EXTENSIONS - LIGHTBLOND ♡ › 100g";100;1;143;1;0
283;"#FROSTY - INVISIBLE CLIP EXTENSIONS - GESTRÄHNTES MITTELBRAUN PEARL UND LICHTBLOND ASCH ♡ › 100g";100;1;143;1;0
284;"#14A DUNKELBLONDE 45CM TAPE EXTENSIONS  ♡";100;4;161;4;0
285;"#EBONY - INVISIBLE CLIP EXTENSIONS - TIEFSCHWARZ ♡ › 100g";100;1;159;1;0
286;"#SILVER  US WELLIGE TAPE 85CM ♡";100;4;270;4;0
287;"#PLATIN MINI TAPE EXTENSIONS INVISIBLE RU GLATT";100;2;390;2;0
288;"#60 PLATIN US WELLIGE BONDINGS 85CM ♡";100;4;304;2;2
289;"#MOCHA MELT US WELLIGE TAPE 85CM ♡";100;4;270;0;4
290;"#NATURAL/GREY GRAU OMBRÉ  US WELLIGE TAPE EXTENSIONS 65CM ♡";100;4;199;0;4
291;"#14A DUNKELBLONDE US WELLIGE  BONDINGS 85CM";100;4;270;0;4
292;"#VANILLA MOCHA GENIUS WEFT RUSSISCHES GLATTES HAAR  60CM ♡";100;2;390;0;2
293;"INVISIBLE TRESSEN #FAWN RU GLATT";100;2;390;0;2
294;"INVISIBLE TRESSEN #BITTER CACAO RU GLATT";100;2;390;0;2
295;"#BEACH BLOND MINI TAPE EXTENSIONS RU GLATT ♡";100;2;290;0;2
296;"#SOFT-BLOND-BALAYAGE US WELLIGE TRESSEN ECHTHAAR CLASSIC TRESSEN 65CM";100;2;199;0;2
297;"#SUN-KISSED RUSSISCHE BONDINGS GLATT 1G";100;4;290;0;4
298;"#HONEY GENIUS WEFT RUSSISCHES GLATTES HAAR  60CM ♡";100;2;390;0;2
299;"#SMOKY BROWN - INVISIBLE CLIP EXTENSIONS ♡ › 100g";100;1;159;0;1
300;"#99J DUNKEL KIRSCHE US WELLIGE KERATIN  BONDINGS  DUNKLE KIRSCHE 65CM ♡";75;3;134;3;0
301;"#FAWN RUSSISCHE BONDINGS GLATT 1G";75;3;203;2;1
302;"#2A ASCHBRAUN US WELLIGE  BONDINGS 85CM ♡";75;3;189;2;1
303;"#24A SANDBLOND US WELLIGE KERATIN BONDINGS SANDBLOND 65CM ♡";75;3;149;2;1
304;"#MACADAMIA GLOW RUSSISCHE BONDINGS GLATT 1G";75;3;218;0;3
305;"#3A DUNKELBLOND US WELLIGE TAPE 85CM ♡";75;3;203;0;3
306;"#2T14A US WELLIGE  BONDINGS 85CM ♡";75;3;182;3;0
307;"#2T18A TAPE 45CM EXTENSIONS ♡";75;3;121;3;0
308;"#14A DUNKELBLONDE US WELLIGE  TAPE EXTENSIONS 65CM ♡";75;3;134;3;0
309;"#NATURAL/GREY US WELLIGE KERATIN BONDINGS GRAU OMBRÉ 65CM ♡";75;3;134;3;0
310;"#10 HONIGBLONDE US WELLIGE TRESSEN CLASSIC ECHTHAAR  65CM ♡";50;1;100;1;0
311;"#14A  DUNKELBLONDE US WELLIGE TRESSEN CLASSIC ECHTHAAR  65CM ♡";50;1;100;1;0
312;"#RAW GENIUS WEFT RUSSISCHES GLATTES HAAR  60CM ♡";50;1;195;1;0
313;"#NORVEGIAN GENIUS WEFT RUSSISCHES GLATTES HAAR  60CM ♡";50;1;176;1;0
314;"#COLDNESS GENIUS WEFT RUSSISCHES GLATTES HAAR  60CM ♡";50;1;176;1;0
315;"#CHAMPAGNE MINI TAPE EXTENSIONS RU GLATT ♡";50;1;131;1;0
316;"INVISIBLE TRESSEN #DUBAI RU GLATT";50;1;176;1;0
317;"#FAWN GENIUS WEFT RUSSISCHES GLATTES HAAR  60CM ♡";50;1;176;1;0
318;"#27 GOLDBLOND US WELLIGE TRESSE ECHTHAAR GENIUS WEFT EXTENSIONS 65CM♡";50;1;99;1;0
319;"#DIRTY BLOND GENIUS WEFT RUSSISCHES GLATTES HAAR  60CM ♡";50;1;176;1;0
320;"#8 KUPFERBRAUNE US WELLIGE KERATIN BONDINGS GOLDKUPFER 65CM ♡";50;2;90;2;0
321;"INVISIBLE TRESSEN #COLDNESS RU GLATT";50;1;195;1;0
322;"#BERRY VELVET STANDARD RUSSISCHE TAPE EXTENSIONS GLATT ♡";50;2;145;2;0
323;"#2T14A US WELLIGE TRESSEN ECHTHAAR CLASSIC TRESSEN 65CM ♡";50;1;100;1;0
324;"INVISIBLE TRESSEN #DESERT RU GLATT";50;1;195;1;0
325;"#5P18A US WELLIGE TAPE 85CM ♡";50;2;135;2;0
326;"#SHINY GENIUS WEFT RUSSISCHES GLATTES HAAR  60CM ♡";50;1;195;1;0
327;"#LILA US WELLIGE TAPE EXTENSIONS 65CM ♡";50;2;100;2;0
328;"#GRÜN US WELLIGE TAPE EXTENSIONS 65CM ♡";50;2;100;2;0
329;"#27 GOLDBLONDE 45CM TAPE EXTENSIONS  ♡";50;2;90;1;1
330;"#ASH MELT GENIUS WEFT RUSSISCHES GLATTES HAAR  60CM ♡";50;1;195;1;0
331;"#2A ASCHBRAUNE US WELLIGE TAPE 85CM ♡";50;2;135;0;2
332;"#MOCHA MELT BRAUN BALAYAGE  45CM TAPE EXTENSIONS ♡";50;2;90;0;2
333;"#6 HASELNUSSBRAUNE US WELLIGE BONDINGS 65CM  HASELNUSSBRAUN ♡";50;2;100;0;2
334;"INVISIBLE TRESSEN #BUTTERSCOTCH RU GLATT";50;1;195;0;1
335;"TRESSEN #TAUPE MITTELBLOND ASCH RU GLATT CLASSIC WEFT ♡";50;1;145;0;1
336;"#MOCHAMELT US WELLIGE  BONDINGS 85CM ♡";50;2;135;0;2
337;"#5A MITTELASCHBRAUN US WELLIGE KERATIN BONDINGS SCHWARZE 85CM ♡";50;2;135;0;2
338;"INVISIBLE TRESSEN #FROSTY RU GLATT";50;1;195;0;1
339;"#3A MITTELASCHBRAUNE US WELLIGE TRESSEN CLASSIC ECHTHAAR  65CM ♡";50;1;100;0;1
340;"#2T18A OMBRÉ KÜHLES BLOND  US WELLIGE TAPE EXTENSIONS 55CM ♡";50;2;95;0;2
341;"#TOFFEE RUSSISCHE BONDINGS GLATT 1G";50;2;145;0;2
342;"#RAW MINI TAPE EXTENSIONS RU GLATT - SCHWARZBRAUN ♡";50;1;145;0;1
343;"#3A KÜHLES MITTELBRAUN US WELLIGE  BONDINGS 85CM ♡";50;2;135;0;2
344;"#DUBAI GENIUS WEFT RUSSISCHES GLATTES HAAR  60CM ♡";50;1;195;0;1
345;"#COLDNESS RUSSISCHE BONDINGS GLATT 1G";50;2;145;0;2
346;"#MACADAMIA GLOW MINI TAPE EXTENSIONS";50;1;145;0;1
347;"#2 SCHOKOLADENBRAUNE US WELLIGE TRESSEN CLASSIC ECHTHAAR  65CM ♡";50;1;100;0;1
348;"INVISIBLE TRESSEN #EBONY RU GLATT";50;1;195;0;1
349;"INVISIBLE TRESSEN #AUTUMN RU GLATT";50;1;195;0;1
350;"#27 GOLDBLONDE US WELLIGE TAPE EXTENSIONS 65CM ♡";25;1;50;1;0
351;"#BERGEN BLOND US WELLIGE TAPE 85CM ♡";25;1;68;1;0
352;"#10 HONIGBLONDE 45CM TAPE EXTENSIONS ♡";25;1;45;0;1
353;"#PEARL WHITE US WELLIGE TAPE 85CM ♡";25;1;78;0;1
354;"#5T18A US WELLIGE TAPE 85CM ♡";25;1;68;0;1
355;"#5M/SILVER US WELLIGE KERATIN BONDINGS HONIGBLOND 65CM ♡";25;1;50;0;1
Z1;"YOUR FAVORITE REMOVER!";0;76;929;;
Z2;"KLEBER FÜR TAPE EXTENSIONS";0;43;803;;
Z3;"Pflegeset – Mehr Pflege für weniger Geld!";0;32;1302;;
Z4;"HAIRVENLY MINI-EXTENSIONS-BÜRSTE – DEIN MUST-HAVE FÜR UNTERWEGS!";0;31;295;;
Z5;"HYDRATING CONDITIONER";0;27;332;;
Z6;"HAIRBOOST SHAMPOO";0;21;244;;
Z7;"🤍 HAIRVENLY EXTENSIONS BÜRSTE - ANTI FRIZZY IN SEKUNDEN";0;20;263;;
Z8;"LACE FRONT TAPE-KLEBER 2,7M – FÜR EXTRA STARKEN HALT!";0;18;205;;
Z9;"KLEBER FÜR TAPE EXTENSIONS 2,7 METER";0;16;246;;
Z10;"GLYNT TRIJUVEN Smoothing Water -  Makellose Extensions in 10 Sekunden";0;16;225;;
Z11;"NO YELLOW SHAMPOO (Silber Shampoo)";0;10;108;;
Z12;"HAIRFOOD HAARMASKE";0;7;106;;
Z13;"RICHNESS TREATMENT MIT ARGANÖL";0;7;75;;
Z14;"Für besondere Menschen – Geschenkgutschein für Beauty, Haar & Wohlfühlen";0;6;1190;;
Z15;"EXTENSIONS THERMOBÜRSTE 38MM";0;5;183;;
Z16;"ELEKTRONISCHER TAPE-ENTFERNER";0;4;188;;
Z17;"Bürsten-Set für Extensions";0;4;158;;
Z18;"LACE-FRONT TAPEKLEBER FÜR EXTENSIONS 32 METER";0;3;174;;
Z19;"ECHTHAAR FARBRING USBEKISCH";0;3;193;;
Z20;"MORFOSE ARGANÖL";0;3;40;;
Z21;"MORFOSE BIOTIN";0;2;49;;
Z22;"Glynt Farbmaske";0;1;22;;
Z23;"Bondings Abteilklammer – Für ultra-schnelles & präzises Arbeiten";0;1;11;;
Z24;"TAPEKLEBER FÜR EXTENSIONS 32 METER";0;1;46;;
Z25;"Hairvenly Stielkamm – Präzision, Kontrolle & Profi-Qualität";0;1;7;;