Produkt;BF25 Gramm;3M Gramm;Trend-Faktor;Empfehlung BF26 Gramm
"#PEARL WHITE WEIßBLONDE US WELLIGE TAPE EXTENSIONS 65CM ♡";2500;6900;1.21;3150
"#NATURAL SCHWARZBRAUNE US WELLIGE TAPE EXTENSIONS 65CM ♡";3275;4175;0.56;1900
"#2E DUNKELBRAUNE US WELLIGE TAPE EXTENSIONS 65CM ♡";2100;3825;0.80;1750
"#PEARL WHITE US WELLIGE KERATIN BONDINGS WEIßBLOND 65CM ♡";1475;3425;1.02;1575
"#1A SCHWARZE US WELLIGE TAPE EXTENSIONS 65CM ♡";3450;3400;0.43;1550
"#4/27T24  US WELLIGE TAPE EXTENSIONS 55CM ♡";1175;3200;1.20;1450
"#SILVER  ASCHBLONDE US WELLIGE TAPE EXTENSIONS 65CM ♡";2025;2950;0.64;1350
"#PEARL WHITE WEIßBLONDE US WELLIGE TAPE EXTENSIONS 55CM ♡";1550;2950;0.84;1350
"#4 SAMTBRAUNE US WELLIGE 65CM  TAPE EXTENSIONS ♡";1975;2775;0.62;1275
"#2 SCHOKOBRAUNE US WELLIGE TAPE EXTENSIONS 55CM ♡";850;2625;1.36;1200
"#2A ASCHBRAUNE  US WELLIGE TAPE EXTENSIONS 55CM ♡";1350;2650;0.86;1200
"#SOFT BLOND BALAYAGE ASCHBLOND US WELLIGE TAPE  EXTENSIONS 65CM ♡";1875;2600;0.61;1200
"#FROSTY STANDARD RUSSISCHE TAPE EXTENSIONS GLATT ♡";425;2650;2.74;1200
"#2E DUNKELBRAUNE US WELLIGE TAPE EXTENSIONS 55CM ♡";1400;2525;0.79;1150
"#1A SCHWARZ  US WELLIGE KERATIN BONDINGS SCHWARZE 65CM ♡";1250;2425;0.85;1100
"#NATURAL US WELLIGE KERATIN BONDINGS SCHWARZBRAUNE 65CM ♡";300;2375;3.48;1075
"#NORVEGIAN KÜHLES BLOND  US WELLIGE TAPE EXTENSIONS 45CM♡";150;2375;6.97;1075
"#NATURAL SCHWARZBRAUNE  US WELLIGE TAPE EXTENSIONS 55CM ♡";1350;2325;0.76;1050
"#1A SCHWARZE US WELLIGE TAPE EXTENSIONS 55CM ♡♡";1725;2300;0.59;1050
"#2 SCHOKOBRAUNE US WELLIGE TAPE EXTENSIONS 65CM ♡";1075;2275;0.93;1050
"#PEARL WHITE STANDARD RUSSISCHE TAPE EXTENSIONS GLATT ♡";0;2275;NEU;1050
"#3A KÜHLES MITTELBRAUN US WELLIGE TAPE EXTENSIONS 55CM ♡";1425;2250;0.69;1025
"#MOCHA MELT BRAUN BALAYAGE  US WELLIGE TAPE EXTENSIONS 55CM ♡";275;2200;3.52;1000
"#NORVEGIAN KÜHLES BLOND US WELLIGE TAPE EXTENSIONS 55CM ♡";1400;2150;0.68;975
"#5A KÜHLES HELLBRAUN  US WELLIGE TAPE EXTENSIONS 65CM ♡";600;2000;1.47;925
"#60 PLATINBLONDE  US WELLIGE TAPE EXTENSIONS 55CM ♡";325;2050;2.77;925
"#COOL TONED STANDARD RUSSISCHE TAPE EXTENSIONS GLATT ♡";800;2000;1.10;925
"#EBONY STANDARD RUSSISCHE TAPE EXTENSIONS GLATT ♡";1100;1950;0.78;900
"#SOFT BLOND BALAYAGE ASCHBLOND US WELLIGE TAPE EXTENSIONS 55CM ♡";1000;1925;0.85;875
"#RAW STANDARD RUSSISCHE TAPE EXTENSIONS GLATT ♡";1425;1900;0.59;875
"#2A ASCHBRAUNE  US WELLIGE KERATIN BONDINGS ASCHBRAUN 65CM ♡";750;1925;1.13;875
"#5T18A OMBRÉ KÜHLES BLOND US WELLIGE TAPE EXTENSIONS 55CM ♡";800;1850;1.02;850
"#SOFT BLOND BALAYAGE 45CM TAPE EXTENSIONS♡";350;1800;2.26;825
"#3A KÜHLES  MITTELBRAUN US WELLIGE TAPE EXTENSIONS 65CM ♡";575;1775;1.36;800
"#SOFT BLOND BALAYAGE US WELLIGE KERATIN BONDINGS GESTRÄHNT BALAYAGE 65CM ♡";425;1750;1.81;800
"#2A ASCHBRAUNE US WELLIGE TAPE EXTENSIONS 65CM ♡";1225;1700;0.61;775
"#5A MITTELASCHBRAUNE US WELLIGE KERATIN BONDINGS KÜHLES HELLBRAUN 65CM ♡";625;1700;1.20;775
"#MOCHAMELT STANDARD RUSSISCHE TAPE EXTENSIONS GLATT ♡";500;1650;1.45;750
"#4/27T24 45CM TAPE EXTENSIONS ♡";400;1650;1.81;750
"#3A MITTELASCHBRAUNE US WELLIGE TRESSEN ECHTHAAR GENIUS WEFT 65CM ♡";300;1650;2.42;750
"#DUBAI US WELLIGE TAPE EXTENSIONS 65CM ♡";225;1650;3.23;750
"#5P18A ASCHIG GESTRÄHNTE US WELLIGE TAPE EXTENSIONS 65CM ♡";1050;1600;0.67;725
"#NORVEGIAN KÜHLES BLOND US WELLIGE TAPE EXTENSIONS 65CM ♡";1375;1575;0.50;725
"#AUTUMN STANDARD RUSSISCHE TAPE EXTENSIONS GLATT";175;1600;4.02;725
"#BITTER CACAO STANDARD RUSSISCHE TAPE EXTENSIONS GLATT ♡";1275;1550;0.53;700
"#5P18A ASCHIG GESTRÄHNTE US WELLIGE TAPE EXTENSIONS 55CM ♡";1150;1475;0.56;675
"#EBONY - INVISIBLE CLIP EXTENSIONS - TIEFSCHWARZ ♡";300;1500;2.20;675
"#60 PLATINBLONDE US WELLIGE TAPE EXTENSIONS 65CM ♡";625;1450;1.02;650
"#SILVER ASCHBLONDE US WELLIGE TRESSEN ECHTHAAR GENIUS WEFT EXTENSIONS 65CM♡";150;1400;4.11;650
"#EBONY MINI TAPE EXTENSIONS RU GLATT - TIEFSCHWARZ ♡";550;1400;1.12;650
"#NATURAL US WELLIGE TAPE 85CM ♡";500;1400;1.23;650
"#NORVEGIAN STANDARD RUSSISCHE TAPE EXTENSIONS GLATT ♡";1200;1450;0.53;650
"#5T18A OMBRÉ KÜHLES BLOND US WELLIGE TAPE EXTENSIONS 65CM ♡";1000;1375;0.60;625
"#3T8A US WELLIGE TAPE EXTENSIONS 65CM ♡";350;1350;1.70;625
"#VIKING BLOND KÜHLES BLOND GESTRÄHNT  US WELLIGE TAPE EXTENSIONS 55CM ♡";625;1375;0.97;625
"#RAW - INVISIBLE CLIP EXTENSIONS  - SCHWARZBRAUN ♡";225;1350;2.64;625
"#DUBAI - INVISIBLE CLIP EXTENSIONS ♡";675;1350;0.88;625
"#5P18A US WELLIGE KERATIN BONDINGS ASCHIG GESTRÄHNT 65CM ♡";225;1375;2.69;625
"#2E DUNKELBRAUNE 45CM TAPE EXTENSIONS  ♡";100;1300;5.72;600
"#MOCHA MELT BALAYAGE BRAUN US WELLIGE TRESSEN ECHTHAAR GENIUS WEFT EXTENSIONS 65CM♡";600;1300;0.95;600
"#SOFT-BLOND-BALAYAGE US WELLIGE TRESSEN ECHTHAAR GENIUS WEFT EXTENSIONS 65CM♡";350;1300;1.63;600
"#PEARL WHITE 45CM TAPE EXTENSIONS ♡";650;1300;0.88;600
"#SILVER US WELLIGE KERATIN BONDINGS ASCHBLOND 65CM ♡";350;1300;1.63;600
"#2E DUNKELBRAUNE US WELLIGE TRESSEN ECHTHAAR GENIUS WEFT EXTENSIONS 65CM";600;1300;0.95;600
"#PEARL WHITE US WELLIGE TAPE 85CM ♡";25;1300;22.88;600
"#SILVER  45CM TAPE EXTENSIONS ♡";275;1250;2.00;575
"#VIKING BLOND  US WELLIGE 45CM TAPE EXTENSIONS ♡";325;1275;1.73;575
"#PEARL WHITE WEIßBLOND US WELLIGE TRESSEN ECHTHAAR GENIUS WEFT EXTENSIONS 65CM♡";400;1250;1.37;575
"#DUBAI STANDARD RUSSISCHE TAPE EXTENSIONS GLATT ♡";325;1225;1.66;550
"#2A - ASCHBRAUNE US WELLIGE TRESSEN ECHTHAAR GENIUS WEFT EXTENSIONS♡";250;1200;2.11;550
"#SMOKY BROWN - INVISIBLE CLIP EXTENSIONS ♡";300;1200;1.76;550
"#RAW - INVISIBLE CLIP EXTENSIONS  - SCHWARZBRAUN ♡";0;1200;NEU;550
"#5T18A US WELLIGE KERATIN BONDINGS KÜHLES BLOND OMBRÉ 65CM ♡";800;1125;0.62;525
"#NORVEGIAN US WELLIGE KERATIN BONDINGS KÜHLES BLOND 65CM ♡";875;1125;0.57;525
"#VIKING BLOND US WELLIGE KERATIN BONDINGS  KÜHLES BLOND GESTRÄHNT 65CM ♡";825;1175;0.63;525
"#PEARL WHITE - INVISIBLE CLIP EXTENSIONS ♡";0;1125;NEU;525
"#LATTE BALAYAGE - INVISIBLE CLIP EXTENSIONS ♡";0;1125;NEU;525
"#1A SCHWARZE 45CM TAPE EXTENSIONS ♡";700;1100;0.69;500
"#3T8A  US WELLIGE TAPE EXTENSIONS 55CM ♡";275;1100;1.76;500
"#BERGEN BLOND OMBRÉ SANDBLOND US WELLIGE TAPE EXTENSIONS 55CM ♡";625;1075;0.76;500
"#2 SCHOKOBRAUNE 45CM TAPE EXTENSIONS  ♡";200;1100;2.42;500
"#FROSTY RUSSISCHE BONDINGS GLATT 1G";0;1100;NEU;500
"#VIKING BLOND KÜHLES BLOND  US WELLIGE GESTRÄHNT TAPE EXTENSIONS 65CM ♡";1400;1025;0.32;475
"#5T18A 45CM TAPE EXTENSIONS ♡";675;1025;0.67;475
"#5A KÜHLES HELLBRAUN  US WELLIGE TAPE EXTENSIONS 45CM♡";375;1025;1.20;475
"#2  SCHOKOBRAUN US WELLIGE KERATIN BONDINGS 65CM SCHOKOBRAUN ♡";325;1025;1.39;475
"#PEARL WHITE MINI TAPE EXTENSIONS RU GLATT ♡";800;1050;0.58;475
"#2T18A OMBRÉ KÜHLES BLOND US WELLIGE TAPE EXTENSIONS 65CM ♡";175;1025;2.58;475
"#PEARL WHITE PONYTAIL 130G - 65CM";0;1040;NEU;475
"#LATTE BALAYAGE - INVISIBLE CLIP EXTENSIONS ♡";0;1050;NEU;475
"#3A KÜHLES MITTELBRAUN US WELLIGE KERATIN BONDINGS KÜHLES 65CM MITTELBRAUN ♡";625;1000;0.70;450
"#LATTE BALAYAGE MINI TAPE EXTENSIONS RU GLATT";750;1000;0.59;450
"#MACADAMIA GLOW STANDARD RUSSISCHE TAPE EXTENSIONS GLATT ♡";575;1000;0.77;450
"#2T18A OMBRÉ KÜHLES BLOND  US WELLIGE TAPE EXTENSIONS 55CM ♡";50;975;8.58;450
"#SMOKY BROWN - KÜHLES MITTELBRAUN STANDARD RUSSISCHE TAPE EXTENSIONS GLATT ♡";0;1000;NEU;450
"#5P18A 45CM TAPE EXTENSIONS ♡";400;925;1.02;425
"#BERGEN BLOND OMBRÉ SANDBLONDE US WELLIGE TAPE EXTENSIONS 65CM ♡";725;925;0.56;425
"#14A DUNKELBLONDE US WELLIGE  TAPE EXTENSIONS 65CM ♡";75;925;5.43;425
"#NORVEGIAN RUSSISCHE BONDINGS GLATT 1G";325;925;1.25;425
"#99J DUNKLE KIRSCHE  US WELLIGE TAPE EXTENSIONS 55CM ♡";650;950;0.64;425
"#NATURAL US WELLIGE TRESSEN ECHTHAAR GENIUS WEFT EXTENSIONS♡";650;950;0.64;425
"#NATURAL SCHWARZBRAUNE US WELLIGE TRESSEN CLASSIC ECHTHAAR  65CM ♡";350;950;1.19;425
"#24A SANDBLOND US WELLIGE KERATIN BONDINGS SANDBLOND 65CM ♡";75;925;5.43;425
"#PEARL WHITE RUSSISCHE BONDINGS GLATT 1G";250;925;1.63;425
"#BITTER CACAO MINI TAPE EXTENSIONS RU GLATT - DUNKELBRAUN ♡";700;900;0.57;400
"#2T18A US WELLIGE KERATIN BONDINGS OMRBÉ KÜHLES BLOND 65CM ♡";475;850;0.79;400
"#SHINY STANDARD RUSSISCHE TAPE EXTENSIONS GLATT ♡";300;850;1.25;400
"#2A ASCHBRAUNE US WELLIGE  45CM TAPE EXTENSIONS ♡";125;850;2.99;400
"#NORVEGIAN KÜHLES BLOND US WELLIGE TRESSEN ECHTHAAR GENIUS WEFT EXTENSIONS 65CM♡";450;900;0.88;400
"#MOCHA MELT BRAUN BALAYAGE  45CM TAPE EXTENSIONS ♡";50;900;7.92;400
"#EBONY - INVISIBLE CLIP EXTENSIONS - TIEFSCHWARZ ♡";225;900;1.76;400
"#24A 45CM SANDBLONDE TAPE EXTENSIONS  ♡";175;900;2.26;400
"#VANILA OMBRE - INVISIBLE CLIP EXTENSIONS ♡";300;900;1.32;400
"#CARAMEL FUDGE - INVISIBLE CLIP EXTENSIONS -  BALAYAGE MITTELBRAUN MIT HELLBLOND ASCH ALS HIGHLIGHTS ♡";225;900;1.76;400
"#PLATIN - INVISIBLE CLIP EXTENSIONS - LIGHTBLOND ♡";0;900;NEU;400
"#ASH MELT STANDARD RUSSISCHE TAPE EXTENSIONS GLATT ♡";0;875;NEU;400
"#1A US WELLIGE TAPE 85CM ♡";0;875;NEU;400
"#VANILA OMBRE - INVISIBLE CLIP EXTENSIONS ♡";0;900;NEU;400
"#BITTER CACAO - INVISIBLE CLIP EXTENSIONS- DUNKELBRAUN ♡";0;900;NEU;400
"#PEARL WHITE WEIßBLOND US WELLIGE TRESSEN CLASSIC ECHTHAAR  65CM ♡";700;800;0.50;375
"#4/27T24 US WELLIGE KERATIN BONDINGS 65CM ♡";1100;800;0.32;375
"#5T18A ASCHBLOND OMBRÉ US WELLIGE TRESSEN ECHTHAAR  GENIUS WEFT EXTENSIONS 65CM♡";400;800;0.88;375
"#1A SCHWARZE US WELLIGE TRESSEN CLASSIC ECHTHAAR  65CM ♡";450;800;0.78;375
"#DUBAI US WELLIGE KERATIN BONDINGS 65CM ♡";675;825;0.54;375
"#2E DUNKELBRAUNE US WELLIGE TRESSEN CLASSIC ECHTHAAR  65CM ♡";550;800;0.64;375
"#4A MOKKABRAUNE US WELLIGE TAPE EXTENSIONS 65CM ♡";300;825;1.21;375
"#SNOWY STANDARD RUSSISCHE TAPE EXTENSIONS GLATT ♡";250;825;1.45;375
"#DUBAI 45CM  TAPE EXTENSIONS ♡";325;775;1.05;350
"#4/27T24 REHBRAUN US WELLIGE GENIUS TRESSEN ECHTHAAR EXTENSIONS 65CM ♡";200;750;1.65;350
"#BITTER CACAO - INVISIBLE CLIP EXTENSIONS- DUNKELBRAUN ♡";150;750;2.20;350
"#CARAMEL FUDGE STANDARD RUSSISCHE TAPE EXTENSIONS GLATT ♡";675;775;0.51;350
"#24A SANDBLONDE US WELLIGE TAPE EXTENSIONS 55CM ♡";825;775;0.41;350
"#4A MOKKABRAUNE 45CM TAPE EXTENSIONS ♡";175;775;1.95;350
"#1A - TIEFSCHWARZ US WELLIGE TRESSEN ECHTHAAR GENIUS WEFT EXTENSIONS 65CM♡";150;750;2.20;350
"#4A PONYTAIL 130G - 65CM";130;780;2.64;350
"Butter Cream | Echthaar Tressen – Invisible Butterfly, glatt (RU)";0;750;NEU;350
"#FROSTY - INVISIBLE CLIP EXTENSIONS - GESTRÄHNTES MITTELBRAUN PEARL UND LICHTBLOND ASCH ♡";0;750;NEU;350
"#10 HONIGBLONDE US WELLIGE TAPE EXTENSIONS 65CM ♡";0;775;NEU;350
"#CARAMEL FUDGE - INVISIBLE CLIP EXTENSIONS -  BALAYAGE MITTELBRAUN MIT HELLBLOND ASCH ALS HIGHLIGHTS ♡";0;750;NEU;350
"#COOL TONED MINI TAPE EXTENSIONS RU GLATT ♡";500;700;0.62;325
"#60 PLATINBLONDE 45CM  TAPE EXTENSIONS ♡";225;725;1.42;325
"#TOFFEE STANDARD RUSSISCHE TAPE EXTENSIONS GLATT ♡";700;700;0.44;325
"#SHINY RUSSISCHE BONDINGS GLATT 1G";325;700;0.95;325
"#SNOWY RUSSISCHE BONDINGS GLATT 1G";125;700;2.46;325
"#BERGEN BLOND 45CM  TAPE EXTENSIONS  ♡";400;700;0.77;325
"Vanilla Mocha | Echthaar Tressen – Invisible Butterfly, glatt (RU)";0;700;NEU;325
"Latte Balayage | Echthaar Tressen – Invisible Butterfly, glatt (RU)";0;700;NEU;325
"#LATTE BALAYAGE - INVISIBLE CLIP EXTENSIONS ♡";0;700;NEU;325
"#BUTTER CREAM - INVISIBLE CLIP EXTENSIONS ♡";0;700;NEU;325
"#BUTTER CREAM MINI TAPE EXTENSIONS RU GLATT ♡";650;650;0.44;300
"#99J DUNKEL KIRSCHE US WELLIGE KERATIN  BONDINGS  DUNKLE KIRSCHE 65CM ♡";75;675;3.96;300
"#FROSTY - INVISIBLE CLIP EXTENSIONS - GESTRÄHNTES MITTELBRAUN PEARL UND LICHTBLOND ASCH ♡";1125;675;0.26;300
"#BERGEN BLOND US WELLIGE KERATIN BONDINGS OMBRÉ SANDBLOND 65CM ♡";200;675;1.48;300
"#BUTTER CREAM - INVISIBLE CLIP EXTENSIONS ♡";225;675;1.32;300
"#BUTTER CREAM STANDARD RUSSISCHE TAPE EXTENSIONS GLATT ♡";250;650;1.14;300
"#SOFT-BLOND-BALAYAGE US WELLIGE TRESSEN ECHTHAAR CLASSIC TRESSEN 65CM";100;650;2.86;300
"#DUBAI GENIUS WEFT RUSSISCHES GLATTES HAAR  60CM ♡";50;650;5.72;300
"#2E DUNKELBRAUNER PONYTAIL 130G - 65CM";0;650;NEU;300
"#COOL TONED - INVISIBLE CLIP EXTENSIONS - BALAYAGE MITTELASCHBRAUN ♡";0;675;NEU;300
"#NORVEGIAN - INVISIBLE CLIP EXTENSIONS ♡";0;675;NEU;300
"#LATTE BROWN - INVISIBLE CLIP EXTENSIONS ♡";0;675;NEU;300
"#CHESTNUT BROWN - INVISIBLE CLIP EXTENSIONS ♡";0;675;NEU;300
"#3T8A 45CM TAPE EXTENSIONS  ♡";100;575;2.53;275
"#3A KÜHLES MITTELBRAUN 45CM  TAPE EXTENSIONS ♡";275;600;0.96;275
"#5A KÜHLES HELLBRAUN  US WELLIGE TAPE EXTENSIONS 55CM ♡";950;625;0.29;275
"#RAW RUSSISCHE BONDINGS GLATT 1G";425;625;0.65;275
"#SILVER ASCHBLONDE US WELLIGE TAPE EXTENSIONS 55CM ♡";1025;575;0.25;275
"#PLATIN STANDARD RUSSISCHE TAPE EXTENSIONS GLATT ♡";450;625;0.61;275
"#FROSTY - INVISIBLE CLIP EXTENSIONS - GESTRÄHNTES MITTELBRAUN PEARL UND LICHTBLOND ASCH ♡";100;600;2.64;275
"#BUTTER CREAM RUSSISCHE BONDINGS GLATT 1G";225;625;1.22;275
"#EBONY - INVISIBLE CLIP EXTENSIONS - TIEFSCHWARZ ♡";100;600;2.64;275
"#RAW - INVISIBLE CLIP EXTENSIONS  - SCHWARZBRAUN ♡";200;600;1.32;275
"#EBONY RUSSISCHE BONDINGS GLATT 1G";250;600;1.06;275
"#COOL TONED - INVISIBLE CLIP EXTENSIONS - BALAYAGE MITTELASCHBRAUN ♡";200;600;1.32;275
"#PLATIN - INVISIBLE CLIP EXTENSIONS - LIGHTBLOND ♡";300;600;0.88;275
"#SMOKY BROWN - INVISIBLE CLIP EXTENSIONS ♡";100;600;2.64;275
"Macadamia Glow | Echthaar Tressen – Invisible Butterfly, glatt (RU) ♡";0;600;NEU;275
"#LATTE BALAYAGE RUSSISCHE BONDINGS GLATT 1G";0;625;NEU;275
"#14A DUNKELBLOND US WELLIGE KERATIN BONDINGS DUNKELBLOND 65CM ♡";300;550;0.81;250
"#NORVEGIAN GENIUS WEFT RUSSISCHES GLATTES HAAR  60CM ♡";50;550;4.84;250
"#6 HASELNUSSBRAUNE US WELLIGE TAPE EXTENSIONS 55CM ♡";100;525;2.31;250
"#2T18A TAPE 45CM EXTENSIONS ♡";75;550;3.23;250
"#MOCHA MELT US WELLIGE KERATIN BONDINGS BALAYAGE BRAUN 65CM ♡";200;525;1.15;250
"#8 KUPFERBRAUNE US WELLIGE KERATIN BONDINGS GOLDKUPFER 65CM ♡";50;525;4.62;250
"#5A KÜHLES HELLBRAUN US WELLIGE TAPES  85CM ♡";175;525;1.32;250
"#1A PONYTAIL 130G - 65CM";130;520;1.76;250
"#5P18A PONYTAIL 130G - 65CM";130;520;1.76;250
"#LATTE BALAYAGE GENIUS WEFT RUSSISCHES GLATTES HAAR 60CM ♡";0;550;NEU;250
"#3T PEARL WHITE US WELLIGE KERATIN BONDINGS SCHWARZE 65CM ♡";0;550;NEU;250
"#27 GOLDBLONDE US WELLIGE TAPE EXTENSIONS 65CM ♡";25;500;8.80;225
"#2A ASCHBRAUNE US WELLIGE TRESSEN CLASSIC ECHTHAAR  65CM ♡";450;500;0.49;225
"#14A DUNKELBLONDE US WELLIGE TRESSEN ECHTHAAR GENIUS WEFT EXTENSIONS 65CM♡";100;500;2.20;225
"#24A SANDBLOND US WELLIGE TRESSEN ECHTHAAR GENIUS WEFT EXTENSIONS 65CM♡";100;500;2.20;225
"#14A DUNKELBLONDE US WELLIGE TAPE EXTENSIONS 55CM ♡ ♡";125;475;1.67;225
"#BERGEN BLOND SANDBLOND OMRÉ US WELLIGE TRESSEN CLASSIC ECHTHAAR  65CM ♡";200;500;1.10;225
"#MACADAMIA GLOW RUSSISCHE BONDINGS GLATT 1G";75;500;2.93;225
"#3A MITTELASCHBRAUNE US WELLIGE TRESSEN CLASSIC ECHTHAAR  65CM ♡";50;500;4.40;225
"TRESSEN #RAW SCHWARZBRAUN RU GLATT CLASSIC WEFT ♡";200;500;1.10;225
"#60 PLATIN US WELLIGE TAPE 85CM ♡";0;500;NEU;225
"#NORVEGIAN - INVISIBLE CLIP EXTENSIONS ♡";0;500;NEU;225
"#DUBAI - INVISIBLE CLIP EXTENSIONS ♡";0;500;NEU;225
"#4A MOKKABRAUN US WELLIGE GENIUS TRESSEN ECHTHAAR EXTENSIONS 65CM ♡";0;500;NEU;225
"#SUN-KISSED STANDARD RUSSISCHE TAPE EXTENSIONS GLATT ♡";0;475;NEU;225
"Dubai | Echthaar Tressen – Invisible Butterfly, glatt (RU)";0;500;NEU;225
"TRESSEN #EBONY TIEFSCHWARZ RU GLATT CLASSIC WEFT ♡";0;500;NEU;225
"#PEARL WHITE - INVISIBLE CLIP EXTENSIONS ♡";0;500;NEU;225
"#60 PLATIN US WELLIGE KERATIN BONDINGS PLATINBLOND 65CM ♡";200;450;0.99;200
"#RAW GENIUS WEFT RUSSISCHES GLATTES HAAR  60CM ♡";50;450;3.96;200
"#COOL TONED - INVISIBLE CLIP EXTENSIONS - BALAYAGE MITTELASCHBRAUN ♡";600;450;0.33;200
"#DESERT MINI TAPE EXTENSIONS RU GLATT ♡";250;450;0.79;200
"#24A SAND BLONDE US WELLIGE TAPE EXTENSIONS 65CM ♡";625;450;0.32;200
"#CAPPUCCINO - INVISIBLE CLIP EXTENSIONS - DUNKELBLOND ASCH ♡";675;450;0.29;200
"#COOL TONED RUSSISCHE BONDINGS GLATT 1G";350;450;0.57;200
"TRESSEN #COOL TONED BALAYAGE MITTELASCHBRAUN RU GLATT CLASSIC WEFT ♡";350;450;0.57;200
"#DESERT - INVISIBLE CLIP EXTENSIONS - OMBRES HELLBRAUN UND HELLBLOND GOLD ♡";450;450;0.44;200
"#4A MOKKABRAUNE US WELLIGE KERATIN BONDINGS 65CM MOKKABRAUN ♡";200;450;0.99;200
"#MOCHA MELT - INVISIBLE CLIP EXTENSIONS - GESTRÄHNTES DUNKELBRAUN UND SANDIGES HELLBLOND ♡";150;450;1.32;200
"#SUN-KISSED MINI TAPE EXTENSIONS RU GLATT ♡";150;450;1.32;200
"#RAW MINI TAPE EXTENSIONS RU GLATT ♡";200;450;0.99;200
"#SUN-KISSED RUSSISCHE BONDINGS GLATT 1G";100;450;1.98;200
"TRESSEN #NORVEGIAN RU GLATT CLASSIC WEFT ♡";0;450;NEU;200
"#4/27T24 US WELLIGE TRESSEN CLASSIC ECHTHAAR  65CM ♡";0;450;NEU;200
"#DUBAI US WELLIGE TRESSE ECHTHAAR CLASSIC TRESSEN 65CM ♡";0;450;NEU;200
"#BITTER CACAO - INVISIBLE CLIP EXTENSIONS- DUNKELBRAUN ♡";100;400;1.76;175
"#FAWN MINI TAPE EXTENSIONS RU GLATT ♡";450;400;0.39;175
"#NATURAL US WELLIGE  BONDINGS 85CM ♡";400;375;0.41;175
"#DUBAI US WELLIGE TAPE EXTENSIONS 55CM ♡";900;375;0.18;175
"#5P18A GESTRÄHNTE US WELLIGE TRESSEN ECHTHAAR GENIUS WEFT EXTENSIONS 65CM♡";400;400;0.44;175
"#3T8A US WELLIGE KERATIN BONDINGS 65CM ♡";725;400;0.24;175
"#NATURAL/GREY US WELLIGE KERATIN BONDINGS GRAU OMBRÉ 65CM ♡";75;375;2.20;175
"#DESERT STANDARD RUSSISCHE TAPE EXTENSIONS GLATT ♡";100;375;1.65;175
"#MOCHA MELT BRAUNE BALAYAGE US WELLIGE TAPE EXTENSIONS 65CM ♡";525;375;0.31;175
"#27 GOLDBLONDE  US WELLIGE TAPE EXTENSIONS 55CM ♡";275;375;0.60;175
"#5M/SILVER  US WELLIGE TAPE EXTENSIONS 55CM ♡";350;375;0.47;175
"#CAPPUCCINO MINI TAPE EXTENSIONS RU GLATT DUNKELBLOND♡";400;400;0.44;175
"#SHINY GENIUS WEFT RUSSISCHES GLATTES HAAR  60CM ♡";50;400;3.52;175
"#3A DUNKELBLOND US WELLIGE TAPE 85CM ♡";75;375;2.20;175
"#3T8A US WELLIGE GENIUS TRESSEN ECHTHAAR EXTENSIONS 65CM ♡";0;400;NEU;175
"TRESSEN #DUBAI RU GLATT CLASSIC WEFT ♡";0;400;NEU;175
"TRESSEN #MOCHA MELT BALAYAGE DUNKELBRAUN UND GESTRÄHNTE MITTELBLOND GOLD RU GLATT CLASSIC WEFT ♡";0;400;NEU;175
"Autumn | Echthaar Tressen – Invisible Butterfly, glatt (RU)";0;400;NEU;175
"TRESSEN #GLOW HELLBRAUNGOLD RU GLATT CLASSIC WEFT ♡";0;400;NEU;175
"#14A PONYTAIL 130G - 65CM";0;390;NEU;175
"Pearl White | Echthaar Tressen – Invisible Butterfly, glatt (RU) ♡";0;400;NEU;175
"Mocha Melt | Echthaar Tressen – Invisible Butterfly, glatt (RU)";0;400;NEU;175
"Cool Toned | Echthaar Tressen – Invisible Butterfly, glatt (RU)";0;400;NEU;175
"#24A SANDBLONDE US WELLIGE TRESSEN CLASSIC ECHTHAAR  65CM ♡";0;400;NEU;175
"#NORVEGIAN US WELLIGE TAPE 85CM ♡";0;375;NEU;175
"#CARAMEL FUDGE MINI TAPE EXTENSIONS RU GLATT ♡";150;350;1.03;150
"#6A REHBRAUN US WELLIGE GENIUS TRESSEN ECHTHAAR EXTENSIONS 65CM ♡";100;350;1.54;150
"#PEARL WHITE GENIUS WEFT RUSSISCHES GLATTES HAAR  60CM ♡";300;350;0.51;150
"#SHINY MINI TAPE EXTENSIONS RU GLATT ♡";400;350;0.38;150
"#AUTUMN MINI TAPE EXTENSIONS RU GLATT - MITTELBRAUN ♡";300;350;0.51;150
"#3T8A US WELLIGE TRESSE ECHTHAAR CLASSIC TRESSEN 65CM ♡";200;350;0.77;150
"TRESSEN #CAPPUCCINO DUNKELBLOND ASCH RU GLATT CLASSIC WEFT ♡";100;350;1.54;150
"#8 GOLDKUPFER 45CM TAPE EXTENSIONS ♡";100;325;1.43;150
"#NATURAL SCHWARZBRAUNE 45CM TAPE EXTENSIONS  ♡";700;325;0.20;150
"#60 PLATIN US WELLIGE BONDINGS 85CM ♡";100;325;1.43;150
"#SNOWY  MINI TAPE EXTENSIONS RU GLATT ♡";150;350;1.03;150
"#CAPPUCCINO STANDARD RUSSISCHE TAPE EXTENSIONS GLATT ♡";250;350;0.62;150
"#MOCHA MELT GENIUS WEFT RUSSISCHES GLATTES HAAR  60CM ♡";300;350;0.51;150
"#8 GOLD KUPFER US WELLIGE GENIUS TRESSEN ECHTHAAR EXTENSIONS 65CM ♡";150;350;1.03;150
"#5M/SILVER 45CM TAPE EXTENSIONS ♡";0;350;NEU;150
"TRESSEN #LATTE BALAYAGE RU GLATT CLASSIC WEFT ♡";0;350;NEU;150
"#ROT STANDARD RUSSISCHE TAPE EXTENSIONS GLATT ♡";0;325;NEU;150
"Smoky Brown | Echthaar Tressen – Invisible Butterfly, glatt (RU)";0;350;NEU;150
"#NORVEGIAN KÜHLES BLOND US WELLIGE TRESSEN CLASSIC ECHTHAAR  65CM ♡";0;350;NEU;150
"Raw | Echthaar Tressen – Invisible Butterfly, glatt (RU)";0;350;NEU;150
"Bitter Cacao | Echthaar Tressen – Invisible Butterfly, glatt (RU)";0;350;NEU;150
"#SNOWY GENIUS WEFT RUSSISCHES GLATTES HAAR  60CM ♡";0;350;NEU;150
"#10 HONIGBLONDE TAPE EXTENSIONS 55CM ♡";0;325;NEU;150
"#6A REHBRAUNE US WELLIGE KERATIN BONDINGS REHBRAUN 65CM ♡";0;325;NEU;150
"#2T18A KÜHLES BLOND OMRBÉ US WELLIGE TRESSEN CLASSIC ECHTHAAR  65CM ♡";0;350;NEU;150
"#FROSTY GENIUS WEFT RUSSISCHES GLATTES HAAR  60CM ♡";100;300;1.32;125
"#2E DUNKELBRAUNE US WELLIGE KERATIN BONDINGS 65CM ♡";800;250;0.14;125
"#5P18A GESTRÄHNTE  US WELLIGE TRESSEN CLASSIC ECHTHAAR  65CM ♡";350;250;0.31;125
"#27 GOLDBLOND US WELLIGE TRESSE ECHTHAAR GENIUS WEFT EXTENSIONS 65CM♡";50;250;2.20;125
"#4A MOKKABRAUNE US WELLIGE TRESSEN CLASSIC ECHTHAAR  65CM ♡";150;250;0.73;125
"#5A HELLBRAUNE US WELLIGE TRESSEN CLASSIC ECHTHAAR  65CM ♡";300;250;0.37;125
"#99J DUNKLE KIRSCHE 45CM TAPE EXTENSIONS  ♡";175;250;0.63;125
"#5M/SILVER  US WELLIGE TAPE EXTENSIONS 65CM ♡";525;250;0.21;125
"#RED US WELLIGE TAPE EXTENSIONS 65CM ♡";200;250;0.55;125
"#NORVEGIAN MINI TAPE EXTENSIONS RU GLATT ♡";600;300;0.22;125
"#PLATIN - INVISIBLE CLIP EXTENSIONS - LIGHTBLOND ♡";100;300;1.32;125
"#SILVER BONDINGS US WELLIGE  85CM ♡";175;250;0.63;125
"#6A REHBRAUNE US WELLIGE TAPE EXTENSIONS 45CM♡";175;300;0.75;125
"#DUBAI PONYTAIL 130G - 65CM";260;260;0.44;125
"#6A REHBRAUNE US WELLIGE TAPE EXTENSIONS 55CM ♡";150;275;0.81;125
"#5P18A US WELLIGE TAPE 85CM ♡";50;275;2.42;125
"#3A PONYTAIL 130G - 65CM";130;260;0.88;125
"#27 GOLDBLONDE 45CM TAPE EXTENSIONS  ♡";50;275;2.42;125
"#PLATIN MINI TAPE EXTENSIONS RU GLATT ♡";100;300;1.32;125
"#NATURAL/GREY GRAU OMBRÉ  US WELLIGE TAPE EXTENSIONS 65CM ♡";100;275;1.21;125
"#VIKING BLOND GESTRÄHNTE US WELLIGE TRESSEN ECHTHAAR CLASSIC TRESSEN 65CM";150;300;0.88;125
"#6A REHBRAUNE US WELLIGE TAPE EXTENSIONS 65CM ♡";200;250;0.55;125
"#VIKING BLOND PONYTAIL 130G - 65CM";130;260;0.88;125
"#BEACH BLOND - INVISIBLE CLIP EXTENSIONS - LIGHTBLOND GOLD ♡";150;300;0.88;125
"#TOFFEE - INVISIBLE CLIP EXTENSIONS ♡";150;300;0.88;125
"#2 SCHOKOLADENBRAUNE US WELLIGE TRESSEN CLASSIC ECHTHAAR  65CM ♡";50;250;2.20;125
"#2E DUNKELBRAUNE US WELLIGE  BONDINGS 85CM ♡";150;275;0.81;125
"#CAPPUCCINO - INVISIBLE CLIP EXTENSIONS - DUNKELBLOND ASCH ♡";0;300;NEU;125
"#SMOKY TAUPE STANDARD RUSSISCHE TAPE EXTENSIONS GLATT ♡";0;300;NEU;125
"Cappuccino | Echthaar Tressen – Invisible Butterfly, glatt (RU)";0;300;NEU;125
"#TAUPE - INVISIBLE CLIP EXTENSIONS";0;300;NEU;125
"Espresso Brown | Echthaar Tressen – Invisible Butterfly, glatt (RU)";0;250;NEU;125
"#PLATIN RUSSISCHE BONDINGS GLATT 1G";0;300;NEU;125
"#ESPRESSO BROWN MINI TAPE EXTENSIONS RU GLATT ♡";0;250;NEU;125
"#SOFT BLOND US WELLIGE BALAYAGE TAPE 85CM ♡";0;300;NEU;125
"Taupe Mittelblond Asch | Echthaar Tressen – Invisible Butterfly Weft, glatt (RU) ♡";0;300;NEU;125
"#CAPPUCCINO GENIUS WEFT RUSSISCHES GLATTES HAAR  60CM ♡";0;250;NEU;125
"#TAUPE GENIUS WEFT RUSSISCHES GLATTES HAAR 60CM ♡";0;250;NEU;125
"#DUBAI RUSSISCHE BONDINGS 1G";0;250;NEU;125
"#CARAMEL FUDGE - INVISIBLE CLIP EXTENSIONS -  BALAYAGE MITTELBRAUN MIT HELLBLOND ASCH ALS HIGHLIGHTS ♡";0;300;NEU;125
"#TOFFEE MINI TAPE EXTENSIONS RU GLATT ♡";0;300;NEU;125
"#5T18A ASCHBLOND OMBRÉ US WELLIGE TRESSEN CLASSIC ECHTHAAR  65CM ♡";0;250;NEU;125
"#VIKING BLOND US WELLIGE  BONDINGS 85CM ♡";0;300;NEU;125
"TRESSEN #VANILLA MOCHA RU GLATT CLASSIC WEFT ♡";0;250;NEU;125
"#2T14A US WELLIGE KERATIN BONDINGS DUNKELBLOND OMBRÉ 65CM ♡";0;300;NEU;125
"#LATTE BROWN - KÜHLES HELLBRAUN RUSSISCHE BONDINGS GLATT 1G";0;300;NEU;125
"#GLOW RUSSISCHE BONDINGS GLATT 1G";0;250;NEU;125
"#CHESTNUT BROWN - INVISIBLE CLIP EXTENSIONS ♡";0;300;NEU;125
"#ESPRESSO BROWN STANDARD RUSSISCHE TAPE EXTENSIONS GLATT ♡";0;275;NEU;125
"#4A MOKKABFAUNE  US WELLIGE TAPE EXTENSIONS 55CM ♡";0;275;NEU;125
"TRESSEN #SUN-KISSED BALAYAGE MITTELBRAUN UND GESTRÄHNTES LICHTBLOND GOLD RU GLATT CLASSIC WEFT ♡";0;300;NEU;125
"#10 HONIGBLOND  US WELLIGE KERATIN BONDINGS HONIGBLOND 65CM ♡";0;300;NEU;125
"TRESSEN #ESPRESSO BROWN RU GLATT CLASSIC WEFT ♡";0;250;NEU;125
"#24A PONYTAIL 130G - 65CM";0;260;NEU;125
"#MOCHA MELT - INVISIBLE CLIP EXTENSIONS - GESTRÄHNTES DUNKELBRAUN UND SANDIGES HELLBLOND ♡";0;300;NEU;125
"#LATTE BALAYAGE STANDARD RUSSISCHE TAPE EXTENSIONS GLATT ♡";0;250;NEU;125
"#60 PONYTAIL 130G - 65CM";0;260;NEU;125
"#TOFFEE GENIUS WEFT RUSSISCHES GLATTES HAAR  60CM ♡";100;200;0.88;100
"#BERGEN BLOND SANDBLOND OMRÉ US WELLIGE TRESSEN ECHTHAAR GENIUS WEFT EXTENSIONS 65CM♡";250;200;0.35;100
"#5A HELLBRAUNE US WELLIGE TRESSEN ECHTHAAR GENIUS WEFT EXTENSIONS 65CM ♡";350;200;0.25;100
"#SHINY - INVISIBLE CLIP EXTENSIONS - LICHTBLOND ASCH ♡";450;225;0.22;100
"#14A DUNKELBLONDE 45CM TAPE EXTENSIONS  ♡";100;225;0.99;100
"TRESSEN #CHAMPAGNE HELLBLOND GOLD RU GLATT CLASSIC WEFT ♡";150;200;0.59;100
"#VIKING BLOND GESTRÄHNTE US WELLIGE TRESSEN ECHTHAAR GENIUS WEFT EXTENSIONS 65CM♡";150;200;0.59;100
"#BITTER CACAO RUSSISCHE BONDINGS GLATT 1G";125;200;0.70;100
"#SMOKY BROWN - INVISIBLE CLIP EXTENSIONS ♡";225;225;0.44;100
"#BEACH BLOND MINI TAPE EXTENSIONS RU GLATT ♡";100;200;0.88;100
"#5M/SILVER US WELLIGE KERATIN BONDINGS HONIGBLOND 65CM ♡";25;225;3.96;100
"#DIRTY BLOND - INVISIBLE CLIP EXTENSIONS - DUNKELBLOND GOLD ♡";225;225;0.44;100
"#COPPER STANDARD RUSSISCHE TAPE EXTENSIONS GLATT ♡";0;225;NEU;100
"#FAWN STANDARD RUSSISCHE TAPE EXTENSIONS GLATT ♡";0;225;NEU;100
"#CHAMPAGNE RUSSISCHE BONDINGS GLATT 1G";0;225;NEU;100
"#8 GOLDKUPFER  US WELLIGE TAPE EXTENSIONS 65CM ♡";0;225;NEU;100
"#6 HASELNUSSBRAUNE 45CM TAPE EXTENSIONS ♡";0;200;NEU;100
"Caramel Fudge | Echthaar Tressen – Invisible Butterfly, glatt (RU)";0;200;NEU;100
"#14A DUNKELBLOND US WELLIGE TAPE 85CM ♡";0;225;NEU;100
"#COLDNESS - INVISIBLE CLIP EXTENSIONS";0;225;NEU;100
"#MOCHA MELT - INVISIBLE CLIP EXTENSIONS - GESTRÄHNTES DUNKELBRAUN UND SANDIGES HELLBLOND ♡";0;225;NEU;100
"Frosty | Echthaar Tressen – Invisible Butterfly, glatt (RU)";0;200;NEU;100
"#HONEY - INVISIBLE CLIP EXTENSIONS - HONIGBLOND ♡";0;225;NEU;100
"#SMOKY BROWN - KÜHLES MITTELBRAUN RUSSISCHE BONDINGS GLATT 1G";0;200;NEU;100
"#SMOKY BROWN - KÜHLES MITTELBRAUN GENIUS WEFT RUSSISCHES GLATTES HAAR 60CM ♡";0;200;NEU;100
"#MACADAMIA GLOW - INVISIBLE CLIP EXTENSIONS ♡";0;200;NEU;100
"#FAWN - INVISIBLE CLIP EXTENSIONS - HELLBRAUN ♡";0;225;NEU;100
"#LATTE BROWN - KÜHLES HELLBRAUN STANDARD RUSSISCHE TAPE EXTENSIONS GLATT ♡";0;200;NEU;100
"#SNOWY - INVISIBLE CLIP EXTENSIONS - LIGHTBLOND ASCH ♡";0;225;NEU;100
"#2T18A US WELLIGE BONDINGS 85CM ♡";0;200;NEU;100
"#BERGEN BLOND US WELLIGE TAPE 85CM ♡";25;175;3.08;75
"#8 GOLDKUPFER US WELLIGE TAPE EXTENSIONS 55CM ♡";100;150;0.66;75
"#GLOW - INVISIBLE CLIP EXTENSIONS - HELLBRAUN GOLD ♡";150;150;0.44;75
"#CAPPUCCINO RUSSISCHE BONDINGS GLATT 1G";125;150;0.53;75
"#DIRTY BLOND STANDARD RUSSISCHE TAPE EXTENSIONS GLATT ♡";450;175;0.17;75
"#CHAMPAGNE MINI TAPE EXTENSIONS RU GLATT ♡";50;150;1.32;75
"#SILVER ASCHBLONDE US WELLIGE TRESSEN ECHTHAAR CLASSIC TRESSEN 65CM ♡";250;150;0.26;75
"#TAUPE STANDARD RUSSISCHE TAPE EXTENSIONS GLATT ♡";200;175;0.38;75
"#SHINY - INVISIBLE CLIP EXTENSIONS - LICHTBLOND ASCH ♡";450;150;0.15;75
"#FAWN RUSSISCHE BONDINGS GLATT 1G";75;175;1.03;75
"#FAWN GENIUS WEFT RUSSISCHES GLATTES HAAR  60CM ♡";50;150;1.32;75
"#PINK US WELLIGE TAPE EXTENSIONS 65CM ♡";375;150;0.18;75
"#99J DUNKLE KIRSCHE US WELLIGETAPE EXTENSIONS 65CM ♡";350;150;0.19;75
"#BUTTER CREAM - INVISIBLE CLIP EXTENSIONS ♡";300;150;0.22;75
"#MOCHA MELT BALAYAGE BRAUN US WELLIGE TRESSEN CLASSIC ECHTHAAR  65CM ♡";250;150;0.26;75
"#CARAMEL FUDGE RUSSISCHE BONDINGS GLATT 1G";375;175;0.21;75
"#VIKING BLOND US WELLIGE TAPE 85CM ♡";125;150;0.53;75
"#2E DUNKELBRAUNE US WELLIGE TAPE EXTENSIONS 85CM ♡";175;150;0.38;75
"#2A ASCHBRAUNE US WELLIGE TAPE 85CM ♡";50;150;1.32;75
"TRESSEN #TAUPE MITTELBLOND ASCH RU GLATT CLASSIC WEFT ♡";50;150;1.32;75
"#3A KÜHLES MITTELBRAUN US WELLIGE  BONDINGS 85CM ♡";50;150;1.32;75
"#DESERT - INVISIBLE CLIP EXTENSIONS - OMBRES HELLBRAUN UND HELLBLOND GOLD ♡";150;150;0.44;75
"TRESSEN #SMOKY BROWN RU GLATT CLASSIC WEFT ♡";0;150;NEU;75
"TRESSEN #PEARL WHITE LIGHTBLOND RU GLATT CLASSIC WEFT ♡";0;150;NEU;75
"#2T14A DUNKELBLOND OMBRÉ US WELLIGE TAPE EXTENSIONS 65CM ♡";0;150;NEU;75
"#CHAMPAGNE - INVISIBLE CLIP EXTENSIONS - HELLBLOND GOLD ♡";0;150;NEU;75
"#BERGEN BLOND US WELLIGE  BONDINGS 85CM ♡";0;150;NEU;75
"Norwegian | Echthaar Tressen – Invisible Butterfly, glatt (RU) ♡";0;150;NEU;75
"TRESSEN #SHINY LICHTBLOND ASCH RU GLATT CLASSIC WEFT ♡";0;150;NEU;75
"#2T14A DUNKELBLOND OMBRÉ 45CM TAPE EXTENSIONS ♡";0;150;NEU;75
"Toffee | Echthaar Tressen – Invisible Butterfly, glatt (RU)";0;150;NEU;75
"Sun-Kissed | Echthaar Tressen – Invisible Butterfly, glatt (RU)";0;150;NEU;75
"#6A TRESSEN REHBRAUNE US WELLIGE TRESSEN CLASSIC ECHTHAAR  65CM ♡";0;150;NEU;75
"#EBONY GENIUS WEFT RUSSISCHES GLATTES HAAR  60CM ♡";0;150;NEU;75
"#10 HONIG BLOND US WELLIGE GENIUS TRESSEN ECHTHAAR EXTENSIONS 65CM ♡";0;150;NEU;75
"#2 SCHOKOBRAUN US WELLIGE GENIUS TRESSEN ECHTHAAR EXTENSIONS 65CM ♡";0;150;NEU;75
"#MOCHAMELT MINI TAPE EXTENSIONS RU GLATT ♡";0;150;NEU;75
"#LATTE BROWN - INVISIBLE CLIP EXTENSIONS ♡";0;150;NEU;75
"Ash Melt | Echthaar Tressen – Invisible Butterfly, glatt (RU)";0;150;NEU;75
"#GLOW GENIUS WEFT RUSSISCHES GLATTES HAAR  60CM ♡";0;150;NEU;75
"#FAWN - INVISIBLE CLIP EXTENSIONS - HELLBRAUN ♡";0;150;NEU;75
"#NATURAL PONYTAIL 130G - 65CM";520;130;0.11;50
"#2T14A DUNKELBLOND OMBRÉ US WELLIGE TAPE EXTENSIONS 55CM ♡";225;100;0.20;50
"#COLDNESS GENIUS WEFT RUSSISCHES GLATTES HAAR  60CM ♡";50;100;0.88;50
"#HONEY MINI TAPE EXTENSIONS RU GLATT ♡";350;100;0.13;50
"#FAWN - INVISIBLE CLIP EXTENSIONS - HELLBRAUN ♡";200;100;0.22;50
"TRESSEN #DIRTY BLOND DUNKELBLOND GOLD RU GLATT CLASSIC WEFT ♡";100;100;0.44;50
"#6 HASELNUSSBRAUNE US WELLIGE TAPE EXTENSIONS 65CM ♡";475;125;0.12;50
"#DIRTY BLOND GENIUS WEFT RUSSISCHES GLATTES HAAR  60CM ♡";50;100;0.88;50
"#PEARL WHITE US WELLIGE  BONDINGS 85CM ♡";175;125;0.31;50
"#TAUPE RUSSISCHE BONDINGS GLATT 1G";125;100;0.35;50
"#BERRY VELVET STANDARD RUSSISCHE TAPE EXTENSIONS GLATT ♡";50;100;0.88;50
"#2T14A US WELLIGE TRESSEN ECHTHAAR CLASSIC TRESSEN 65CM ♡";50;100;0.88;50
"#COLDNESS MINI TAPE EXTENSIONS RU GLATT ♡";300;100;0.15;50
"#ASH MELT GENIUS WEFT RUSSISCHES GLATTES HAAR  60CM ♡";50;100;0.88;50
"#10 HONIGBLONDE 45CM TAPE EXTENSIONS ♡";25;125;2.20;50
"#DESERT RUSSISCHE BONDINGS GLATT 1G";375;125;0.15;50
"#MOCHA MELT US WELLIGE TAPE 85CM ♡";100;125;0.55;50
"#NORVEGIAN PONYTAIL 130G - 65CM";130;130;0.44;50
"#5T18A US WELLIGE TAPE 85CM ♡";25;125;2.20;50
"Butterscotch | Echthaar Tressen – Invisible Butterfly, glatt (RU)";0;100;NEU;50
"#BISQUID BLOND STANDARD RUSSISCHE TAPE EXTENSIONS GLATT ♡";0;100;NEU;50
"#CHAMPAGNE GENIUS WEFT RUSSISCHES GLATTES HAAR  60CM ♡";0;100;NEU;50
"TRESSEN #MACADAMIA RU GLATT CLASSIC WEFT ♡";0;100;NEU;50
"#ASH MELT RUSSISCHE BONDINGS GLATT 1G";0;125;NEU;50
"#BEACH BLOND - INVISIBLE CLIP EXTENSIONS - LIGHTBLOND GOLD ♡";0;100;NEU;50
"#DIRTY BLOND RUSSISCHE BONDINGS GLATT 1G";0;125;NEU;50
"Ebony | Russische Echthaar Tressen – Invisible (Butterfly), glatt";0;100;NEU;50
"#DIRTY BLOND - INVISIBLE CLIP EXTENSIONS - DUNKELBLOND GOLD ♡";0;100;NEU;50
"#DESERT - INVISIBLE CLIP EXTENSIONS - OMBRES HELLBRAUN UND HELLBLOND GOLD ♡";0;100;NEU;50
"#TOFFEE - INVISIBLE CLIP EXTENSIONS ♡";0;100;NEU;50
"#VANILLA MOCHA RUSSISCHE BONDINGS GLATT 1G";0;100;NEU;50
"#CARAMEL FUDGE GENIUS WEFT RUSSISCHES GLATTES HAAR  60CM ♡";0;100;NEU;50
"#BUTTER CREAM GENIUS WEFT RUSSISCHES GLATTES HAAR  60CM ♡";0;100;NEU;50
"#BISQUID BLOND MINI TAPE EXTENSIONS RU GLATT ♡";0;100;NEU;50
"#BEACH BLOND RUSSISCHE BONDINGS GLATT 1G";0;125;NEU;50
"#AUTUMN - INVISIBLE CLIP EXTENSIONS - MITTELBRAUN ♡";0;100;NEU;50
"#SOFT BLOND BALAYAGE GENIUS WEFT RUSSISCHES GLATTES HAAR  60CM ♡";0;100;NEU;50
"#CHESTNUT BROWN - INVISIBLE CLIP EXTENSIONS ♡";0;100;NEU;50
"#CHAMPAGNE - INVISIBLE CLIP EXTENSIONS - HELLBLOND GOLD ♡";0;100;NEU;50
"#ESPRESSO BROWN GENIUS WEFT RUSSISCHES GLATTES HAAR  60CM ♡";0;100;NEU;50
"#PLATIN GENIUS WEFT RUSSISCHES GLATTES HAAR  60CM ♡";0;100;NEU;50
"#P4/6 RUSSISCHE BONDINGS GLATT 1G";0;100;NEU;50
"#SHINY - INVISIBLE CLIP EXTENSIONS - LICHTBLOND ASCH ♡";0;100;NEU;50
"#2T18A US WELLIGE GENIUS TRESSEN ECHTHAAR EXTENSIONS 65CM ♡";0;100;NEU;50
"TRESSEN #HONEY HONIGBLOND RU GLATT CLASSIC WEFT ♡";0;100;NEU;50
"#HONEY - INVISIBLE CLIP EXTENSIONS - HONIGBLOND ♡";0;100;NEU;50
"TRESSEN #DESERT OMBRES HELLBRAUN UND HELLBLOND GOLD RU GLATT CLASSIC WEFT ♡";0;100;NEU;50
"TRESSEN #LATTE BROWN RU GLATT CLASSIC WEFT ♡";0;100;NEU;50
"#HONEY RUSSISCHE BONDINGS GLATT 1G";0;100;NEU;50
"TRESSEN #FROSTY GESTRÄHNTES LICHTBLOND ASCH UND MITTELBLOND PEARL RU GLATT CLASSIC WEFT ♡";0;100;NEU;50
"#TAUPE MINI TAPE EXTENSIONS RU GLATT ♡";0;100;NEU;50
"#LATTE BROWN - INVISIBLE CLIP EXTENSIONS ♡";0;100;NEU;50
"#SNOWY - INVISIBLE CLIP EXTENSIONS - LIGHTBLOND ASCH ♡";0;100;NEU;50
"#GLOW - INVISIBLE CLIP EXTENSIONS - HELLBRAUN GOLD ♡";0;100;NEU;50
"#14A  DUNKELBLONDE US WELLIGE TRESSEN CLASSIC ECHTHAAR  65CM ♡";50;50;0.44;25
"#AUTUMN RUSSISCHE BONDINGS GLATT 1G";600;75;0.05;25
"#COOL TONED GENIUS WEFT RUSSISCHES GLATTES HAAR  60CM ♡";400;50;0.05;25
"TRESSEN #FAWN HELLBRAUN RU GLATT CLASSIC WEFT ♡";100;50;0.22;25
"#NAMELESS GENIUS WEFT RUSSISCHES GLATTES HAAR  60CM ♡";300;50;0.07;25
"#ORANGE US WELLIGE TAPE EXTENSIONS 65CM ♡";200;50;0.11;25
"#SILVER  US WELLIGE TAPE 85CM ♡";100;75;0.33;25
"#GRÜN US WELLIGE TAPE EXTENSIONS 65CM ♡";50;50;0.44;25
"TRESSEN #CARAMEL FUDGE BALAYAGE MITTELBRAUN RU GLATT CLASSIC WEFT ♡";150;50;0.15;25
"#BUTTERSCOTCH STANDARD RUSSISCHE TAPE EXTENSIONS GLATT ♡";200;75;0.16;25
"#6 HASELNUSSBRAUNE US WELLIGE BONDINGS 65CM  HASELNUSSBRAUN ♡";50;50;0.44;25
"#3T8A US WELLIGE TAPE EXTENSIONS 85CM ♡";125;50;0.18;25
"#3T8A DUNKELBLONDE US WELLIGE  BONDINGS 85CM";0;50;NEU;25
"Glow | Echthaar Tressen – Invisible Butterfly, glatt (RU)";0;50;NEU;25
"TRESSEN #BUTTER CREAM RU GLATT CLASSIC WEFT ♡";0;50;NEU;25
"#DUBAI US WELLIGE TAPE EXTENSIONS 85CM ♡";0;50;NEU;25
"#60 PLATIN LIGHTBLOND US WELLIGE TRESSEN ECHTHAAR GENIUS WEFT EXTENSIONS 65CM♡";0;50;NEU;25
"#DUBAI MINI TAPE EXTENSIONS RU GLATT ♡";0;50;NEU;25
"Beach Blond | Echthaar Tressen – Invisible Butterfly, glatt (RU)";0;50;NEU;25
"Dirty Blonde | Echthaar Tressen – Invisible Butterfly, glatt (RU)";0;50;NEU;25
"Desert | Echthaar Tressen – Invisible Butterfly, glatt (RU)";0;50;NEU;25
"#GLOW MINI TAPE EXTENSIONS RU GLATT - MITTELBRAUN GOLD ♡";0;50;NEU;25
"#4 SAMTBRAUN - ASCHBRAUNE US WELLIGE TRESSEN ECHTHAAR GENIUS WEFT EXTENSIONS♡";0;50;NEU;25
"#NATURAL/GREY GRAU OMBRÉ  US WELLIGE TAPE EXTENSIONS 45CM♡";0;75;NEU;25
"#BISQUID BLOND GENIUS WEFT RUSSISCHES GLATTES HAAR  60CM ♡";0;50;NEU;25
"#PINK STANDARD RUSSISCHE TAPE EXTENSIONS GLATT ♡";0;50;NEU;25
"#DESERT GENIUS WEFT RUSSISCHES GLATTES HAAR  60CM ♡";0;50;NEU;25
"#60 PLATINBLONDE US WELLIGE TRESSEN CLASSIC ECHTHAAR  65CM ♡";0;50;NEU;25
"#8  KUPFERBLOND US WELLIGE TRESSEN CLASSIC ECHTHAAR  65CM ♡";0;50;NEU;25
"#LILA US WELLIGE KERATIN BONDINGS 65CM ♡";0;50;NEU;25
"#BLAU US WELLIGE TAPE EXTENSIONS 65CM ♡";0;50;NEU;25
"classic Tresse goldkupfe";0;50;NEU;25
"#6 HASELNUSSBRAUN US WELLIGE GENIUS TRESSEN ECHTHAAR EXTENSIONS 65CM ♡";0;50;NEU;25
"TRESSEN #SNOWY LIGHTLOND ASCH RU GLATT CLASSIC WEFT ♡";0;50;NEU;25
"Fawn | Echthaar Tressen – Invisible Butterfly, glatt (RU)";0;50;NEU;25
"#MACADAMIA GLOW GENIUS WEFT RUSSISCHES GLATTES HAAR  60CM ♡";0;50;NEU;25
"#FROSTY MINI TAPE EXTENSIONS RU GLATT ♡";0;50;NEU;25
"Snowy | Echthaar Tressen – Invisible Butterfly, glatt (RU)";0;50;NEU;25
"#10 HONIGBLONDE US WELLIGE TRESSEN CLASSIC ECHTHAAR  65CM ♡";50;0;0.00;0
"TRESSEN #BITTER CACAO DUNKELBRAUN RU GLATT CLASSIC WEFT ♡";150;0;0.00;0
"INVISIBLE TRESSEN #PEARL WHITE RU GLATT ♡";150;0;0.00;0
"#2T14A US WELLIGE  BONDINGS 85CM ♡";75;0;0.00;0
"#COLDNESS STANDARD RUSSISCHE TAPE EXTENSIONS GLATT ♡";625;0;0.00;0
"#SUN-KISSED GENIUS WEFT RUSSISCHES GLATTES HAAR  60CM ♡";150;0;0.00;0
"INVISIBLE TRESSEN #NORVEGIAN RU GLATT ♡";250;0;0.00;0
"#MOCHA MELT RUSSISCHE BONDINGS GLATT 1G";150;0;0.00;0
"INVISIBLE TRESSEN #MOCHA MELT RU GLATT";100;0;0.00;0
"INVISIBLE TRESSEN #DUBAI RU GLATT";50;0;0.00;0
"#DUBAI MINI TAPE EXTENSIONS";350;0;0.00;0
"#2A ASCHBRAUN US WELLIGE  BONDINGS 85CM ♡";75;0;0.00;0
"INVISIBLE TRESSEN #PLATIN RU GLATT";250;0;0.00;0
"#TOFFEE - INVISIBLE CLIP EXTENSIONS ♡";450;0;0.00;0
"#NATURAL/GREY US WELLIGE TRESSEN ECHTHAAR CLASSIC TRESSEN 65CM ♡";150;0;0.00;0
"#2A PONYTAIL 130G - 65CM";130;0;0.00;0
"INVISIBLE TRESSEN #TAUPE RU GLATT";300;0;0.00;0
"INVISIBLE TRESSEN #COLDNESS RU GLATT";50;0;0.00;0
"#GLOW - INVISIBLE CLIP EXTENSIONS - HELLBRAUN GOLD ♡";225;0;0.00;0
"INVISIBLE TRESSEN #DESERT RU GLATT";50;0;0.00;0
"#MOCHAMELT MINI TAPE EXTENSIONS ♡";250;0;0.00;0
"#5MSILVER US WELLIGE KERATIN BONDINGS HONIGBLOND 65CM ♡";400;0;0.00;0
"#DUBAI - INVISIBLE CLIP EXTENSIONS ♡";150;0;0.00;0
"#LILA US WELLIGE TAPE EXTENSIONS 65CM ♡";50;0;0.00;0
"#MACADAMIA GLOW - INVISIBLE CLIP EXTENSIONS ♡";150;0;0.00;0
"INVISIBLE TRESSEN #BUTTERSCOTCH RU GLATT";50;0;0.00;0
"#14A DUNKELBLONDE US WELLIGE  BONDINGS 85CM";100;0;0.00;0
"#MOCHAMELT US WELLIGE  BONDINGS 85CM ♡";50;25;0.22;0
"#5A MITTELASCHBRAUN US WELLIGE KERATIN BONDINGS SCHWARZE 85CM ♡";50;0;0.00;0
"#HONEY - INVISIBLE CLIP EXTENSIONS - HONIGBLOND ♡";150;0;0.00;0
"#VANILLA MOCHA GENIUS WEFT RUSSISCHES GLATTES HAAR  60CM ♡";100;0;0.00;0
"INVISIBLE TRESSEN #FROSTY RU GLATT";50;0;0.00;0
"INVISIBLE TRESSEN #COOL TONED RU GLATT";250;0;0.00;0
"INVISIBLE TRESSEN #FAWN RU GLATT";100;0;0.00;0
"INVISIBLE TRESSEN #RAW RU GLATT";150;0;0.00;0
"INVISIBLE TRESSEN #BITTER CACAO RU GLATT";100;0;0.00;0
"#TOFFEE RUSSISCHE BONDINGS GLATT 1G";50;25;0.22;0
"P4|6 Mini Tapes";150;0;0.00;0
"#27 TRESSEN GOLDBLONDE US WELLIGE TRESSEN CLASSIC ECHTHAAR  65CM ♡";150;0;0.00;0
"#HONEY GENIUS WEFT RUSSISCHES GLATTES HAAR  60CM ♡";100;0;0.00;0
"#COLDNESS RUSSISCHE BONDINGS GLATT 1G";50;25;0.22;0
"#5A PONYTAIL 130G - 65CM";130;0;0.00;0
"#MACADAMIA GLOW MINI TAPE EXTENSIONS";50;0;0.00;0
"INVISIBLE TRESSEN #EBONY RU GLATT";50;0;0.00;0
"INVISIBLE TRESSEN #AUTUMN RU GLATT";50;0;0.00;0
"INVISIBLE TRESSEN #SHINY RU GLATT";150;0;0.00;0
"#TAUPE - INVISIBLE CLIP EXTENSIONS";225;0;0.00;0